campaign_id,campaign_name,campaign_type,target_audience,start_date,end_date,budget,status
CMP00001,Grass-roots dynamic definition Campaign,Email,High Net Worth,2025-05-18,2025-06-15,372067.5,Active
CMP00002,User-centric needs-based array Campaign,SMS,Students,2022-05-18,2023-01-03,369553.25,Planned
CMP00003,Cross-group didactic emulation Campaign,In-App,Retirees,2025-01-31,2025-03-12,20732.43,Planned
CMP00004,Exclusive transitional projection Campaign,SMS,Students,2024-07-28,2024-09-04,255150.87,Planned
CMP00005,Organized optimizing focus group Campaign,In-App,Students,2025-10-01,2026-12-02,359429.71,Cancelled
CMP00006,Diverse tangible interface Campaign,SMS,Retirees,2026-05-26,2026-05-31,296686.51,Planned
CMP00007,Virtual global benchmark Campaign,SMS,Retirees,2023-08-01,2024-05-08,173424.01,Active
CMP00008,Monitored real-time firmware Campaign,SMS,Small Business,2022-02-05,2022-09-20,55594.09,Cancelled
CMP00009,Public-key bottom-line implementation Campaign,Email,Small Business,2026-05-21,2027-12-17,424509.71,Completed
CMP00010,Self-enabling regional hierarchy Campaign,Email,Retirees,2022-01-05,2023-12-05,270432.91,Cancelled
CMP00011,Balanced stable emulation Campaign,Email,All,2025-01-02,2027-07-01,150123.25,Completed
CMP00012,Focused bandwidth-monitored implementation Campaign,In-App,Students,2026-03-07,2028-07-04,353763.06,Planned
CMP00013,Multi-lateral cohesive hub Campaign,SMS,Small Business,2023-03-18,2026-08-07,492684.65,Active
CMP00014,Total systemic project Campaign,Email,Retirees,2023-09-03,2026-12-08,142596.93,Completed
CMP00015,Public-key upward-trending encryption Campaign,SMS,Small Business,2021-12-20,2026-02-21,180859.0,Completed
CMP00016,Sharable system-worthy open architecture Campaign,Email,All,2022-07-10,2024-10-21,319314.25,Active
CMP00017,Visionary zero-defect approach Campaign,SMS,Retirees,2022-11-10,2024-09-13,192830.44,Active
CMP00018,Intuitive impactful flexibility Campaign,Social Media,High Net Worth,2022-12-01,2023-02-04,118378.8,Planned
CMP00019,Re-contextualized transitional functionalities Campaign,Social Media,Retirees,2021-12-09,2027-12-20,137531.73,Active
CMP00020,Stand-alone logistical circuit Campaign,In-App,Small Business,2022-10-26,2025-09-03,110250.14,Cancelled
CMP00021,Realigned national firmware Campaign,Direct Mail,Retirees,2023-02-17,2024-06-18,75721.44,Active
CMP00022,Reduced impactful hierarchy Campaign,SMS,All,2026-01-09,2027-02-07,271793.76,Cancelled
CMP00023,Profound modular array Campaign,In-App,Retirees,2022-11-09,2028-07-11,184188.24,Active
CMP00024,Distributed responsive complexity Campaign,In-App,Retirees,2026-01-28,2028-03-13,50000.16,Planned
CMP00025,Cloned human-resource implementation Campaign,Email,Students,2026-04-18,2027-03-30,315585.79,Cancelled
CMP00026,Function-based neutral access Campaign,In-App,High Net Worth,2025-02-12,2026-09-20,195459.82,Cancelled
CMP00027,Public-key web-enabled flexibility Campaign,In-App,Small Business,2025-08-16,2025-12-16,485683.8,Planned
CMP00028,Implemented intermediate complexity Campaign,Email,All,2026-02-25,2026-12-18,376684.51,Completed
CMP00029,Up-sized empowering middleware Campaign,Email,Small Business,2024-04-06,2028-05-05,220208.8,Cancelled
CMP00030,Customer-focused responsive framework Campaign,Email,Small Business,2026-02-11,2027-05-07,486084.61,Active
CMP00031,Exclusive coherent hub Campaign,In-App,High Net Worth,2026-08-04,2027-07-31,435906.69,Completed
CMP00032,Vision-oriented multi-tasking ability Campaign,In-App,All,2026-02-12,2027-06-04,103461.0,Completed
CMP00033,Customizable high-level workforce Campaign,SMS,All,2025-02-18,2026-10-19,476982.38,Planned
CMP00034,Re-contextualized attitude-oriented artificial intelligence Campaign,In-App,Small Business,2023-05-22,2023-09-08,246859.83,Planned
CMP00035,Virtual national throughput Campaign,Social Media,Small Business,2025-12-07,2028-01-23,123528.89,Active
CMP00036,Reactive composite firmware Campaign,In-App,High Net Worth,2022-04-18,2026-06-01,47398.46,Cancelled
CMP00037,Extended needs-based system engine Campaign,Email,All,2024-09-15,2027-01-12,384088.04,Active
CMP00038,Integrated impactful secured line Campaign,Direct Mail,All,2025-12-03,2026-06-13,86737.84,Cancelled
CMP00039,Programmable local capability Campaign,SMS,All,2025-06-10,2026-10-19,378856.27,Active
CMP00040,Ameliorated optimizing neural-net Campaign,Social Media,Retirees,2023-01-11,2023-05-19,497598.93,Completed
CMP00041,Compatible tertiary product Campaign,Direct Mail,All,2022-12-03,2024-02-28,228485.64,Active
CMP00042,Automated full-range archive Campaign,SMS,High Net Worth,2021-11-23,2022-05-05,172352.35,Active
CMP00043,Pre-emptive didactic moratorium Campaign,In-App,Students,2024-08-17,2025-09-19,8559.47,Planned
CMP00044,Re-engineered object-oriented leverage Campaign,SMS,High Net Worth,2022-05-03,2028-02-21,453182.91,Completed
CMP00045,Open-source content-based attitude Campaign,Email,All,2022-12-31,2025-08-14,122812.29,Cancelled
CMP00046,Optimized incremental Local Area Network Campaign,SMS,All,2022-02-14,2024-11-20,70494.37,Cancelled
CMP00047,Streamlined secondary attitude Campaign,SMS,Retirees,2026-09-22,2026-10-27,404711.01,Active
CMP00048,Customer-focused dynamic core Campaign,Email,High Net Worth,2021-11-26,2026-09-26,331196.46,Completed
CMP00049,Optimized contextually-based focus group Campaign,Direct Mail,Retirees,2022-09-06,2025-04-23,236177.21,Planned
CMP00050,Compatible leadingedge workforce Campaign,Email,High Net Worth,2024-04-26,2028-01-05,204297.53,Completed
CMP00051,Business-focused solution-oriented moratorium Campaign,Email,Students,2026-09-17,2027-09-20,99837.09,Cancelled
CMP00052,Versatile disintermediate concept Campaign,SMS,Retirees,2026-07-23,2028-06-24,95826.58,Cancelled
CMP00053,Open-architected analyzing concept Campaign,SMS,High Net Worth,2023-12-24,2026-03-05,224349.72,Planned
CMP00054,Fundamental zero tolerance toolset Campaign,Email,All,2023-10-25,2028-06-21,418833.65,Planned
CMP00055,Upgradable zero tolerance open architecture Campaign,SMS,Students,2024-04-09,2026-01-28,206174.96,Cancelled
CMP00056,Ergonomic explicit data-warehouse Campaign,SMS,Retirees,2025-07-06,2026-12-26,451709.22,Active
CMP00057,Quality-focused analyzing synergy Campaign,Direct Mail,High Net Worth,2027-05-10,2028-01-16,492727.88,Completed
CMP00058,Polarized motivating moderator Campaign,Direct Mail,Small Business,2023-06-04,2023-09-05,214388.71,Cancelled
CMP00059,Configurable contextually-based architecture Campaign,SMS,Students,2022-06-27,2028-04-21,151870.37,Planned
CMP00060,Front-line impactful capability Campaign,In-App,All,2025-02-10,2027-06-06,35174.0,Completed
CMP00061,Reduced radical analyzer Campaign,Email,High Net Worth,2027-03-11,2027-12-17,294167.91,Active
CMP00062,Reduced non-volatile model Campaign,Email,All,2025-04-04,2026-08-20,44655.18,Active
CMP00063,Synchronized transitional functionalities Campaign,Email,All,2023-06-10,2024-10-08,38640.63,Active
CMP00064,Synchronized secondary framework Campaign,Direct Mail,High Net Worth,2022-12-22,2025-03-06,471090.08,Active
CMP00065,Compatible 24/7 knowledgebase Campaign,In-App,All,2024-04-14,2028-03-28,24672.12,Planned
CMP00066,Cross-platform asynchronous monitoring Campaign,Direct Mail,All,2025-04-08,2027-02-10,284787.33,Completed
CMP00067,Monitored asymmetric encryption Campaign,Social Media,Students,2022-10-27,2024-05-03,336514.36,Completed
CMP00068,Quality-focused tertiary framework Campaign,SMS,Small Business,2023-10-05,2024-07-06,200913.99,Completed
CMP00069,Streamlined multi-tasking access Campaign,Direct Mail,Small Business,2025-03-18,2028-07-01,464864.07,Planned
CMP00070,Switchable bi-directional challenge Campaign,Email,Retirees,2025-07-19,2027-03-17,312473.83,Planned
CMP00071,User-friendly neutral collaboration Campaign,Email,All,2023-02-16,2027-12-11,110511.38,Completed
CMP00072,Universal global database Campaign,SMS,Small Business,2023-03-05,2026-06-03,441027.77,Active
CMP00073,Profit-focused mobile extranet Campaign,Social Media,Small Business,2025-08-31,2028-02-13,83084.68,Completed
CMP00074,Cross-group scalable interface Campaign,In-App,All,2026-12-22,2028-04-19,8872.44,Completed
CMP00075,Managed zero administration capacity Campaign,Email,Students,2026-07-08,2026-08-09,135910.63,Planned
CMP00076,User-centric leadingedge neural-net Campaign,In-App,Students,2025-05-13,2026-03-13,139812.37,Active
CMP00077,Customizable asynchronous solution Campaign,Social Media,Students,2025-10-10,2027-04-30,345311.08,Completed
CMP00078,Multi-layered optimal neural-net Campaign,In-App,Retirees,2026-12-19,2027-10-29,129305.02,Planned
CMP00079,Integrated high-level utilization Campaign,Email,Retirees,2022-06-06,2023-03-17,415527.3,Planned
CMP00080,Multi-channeled demand-driven software Campaign,Email,Small Business,2027-05-18,2027-06-03,386704.02,Completed
CMP00081,Vision-oriented next generation installation Campaign,SMS,Retirees,2023-01-14,2023-08-08,278081.81,Cancelled
CMP00082,Front-line cohesive website Campaign,In-App,High Net Worth,2027-05-21,2028-04-02,60377.57,Active
CMP00083,Assimilated context-sensitive support Campaign,In-App,High Net Worth,2026-05-29,2028-04-15,418124.53,Active
CMP00084,Open-source static support Campaign,Direct Mail,Students,2027-02-02,2028-03-23,25705.28,Completed
CMP00085,Total bi-directional implementation Campaign,Email,Small Business,2026-05-29,2026-12-23,108987.89,Active
CMP00086,Face-to-face dedicated knowledgebase Campaign,Email,Small Business,2026-10-10,2028-04-16,391157.54,Cancelled
CMP00087,Focused directional algorithm Campaign,In-App,Students,2023-08-22,2027-08-30,463253.09,Active
CMP00088,Grass-roots asymmetric throughput Campaign,SMS,Students,2025-07-02,2026-09-17,441301.02,Planned
CMP00089,Open-architected systematic monitoring Campaign,SMS,Small Business,2023-03-20,2026-08-19,392281.32,Cancelled
CMP00090,Fundamental context-sensitive paradigm Campaign,SMS,Small Business,2023-07-12,2023-08-31,83802.93,Planned
CMP00091,Customer-focused radical Internet solution Campaign,Direct Mail,High Net Worth,2027-04-26,2027-08-22,430003.66,Active
CMP00092,Optional real-time migration Campaign,SMS,Retirees,2023-08-13,2027-06-28,178080.92,Active
CMP00093,Ergonomic eco-centric analyzer Campaign,SMS,High Net Worth,2022-03-27,2027-11-28,331716.43,Cancelled
CMP00094,Public-key systemic success Campaign,Social Media,Small Business,2025-10-17,2025-10-18,432854.71,Completed
CMP00095,Exclusive high-level Internet solution Campaign,Social Media,All,2027-03-09,2028-03-08,202840.8,Completed
CMP00096,Managed regional functionalities Campaign,Email,High Net Worth,2021-12-17,2026-05-01,439134.01,Completed
CMP00097,Innovative motivating function Campaign,SMS,All,2025-07-10,2025-11-24,481454.49,Completed
CMP00098,Total explicit neural-net Campaign,Email,High Net Worth,2025-07-17,2026-07-09,300302.77,Completed
CMP00099,Multi-tiered systematic synergy Campaign,Social Media,Retirees,2022-04-22,2024-12-04,305073.38,Planned
CMP00100,Innovative impactful neural-net Campaign,Direct Mail,All,2026-12-16,2027-12-07,99088.99,Planned
CMP00101,Expanded intermediate toolset Campaign,Direct Mail,High Net Worth,2026-07-18,2027-02-24,262360.57,Active
CMP00102,Persistent leadingedge intranet Campaign,Social Media,Retirees,2025-01-08,2027-04-29,39637.04,Completed
CMP00103,User-centric composite protocol Campaign,In-App,Small Business,2025-08-05,2027-02-06,333376.8,Planned
CMP00104,Sharable regional groupware Campaign,Social Media,All,2022-01-18,2025-05-24,158095.91,Cancelled
CMP00105,Front-line systematic function Campaign,Social Media,Retirees,2022-02-06,2028-03-26,350118.17,Active
CMP00106,Assimilated 6thgeneration encryption Campaign,SMS,Retirees,2022-11-21,2024-01-06,334140.07,Cancelled
CMP00107,Visionary asynchronous knowledgebase Campaign,SMS,All,2027-06-12,2028-02-12,286707.1,Cancelled
CMP00108,Ergonomic transitional standardization Campaign,In-App,High Net Worth,2024-01-11,2026-11-14,155418.1,Active
CMP00109,Digitized solution-oriented solution Campaign,Direct Mail,All,2023-11-05,2025-09-20,305297.48,Completed
CMP00110,Visionary bi-directional time-frame Campaign,Direct Mail,Retirees,2021-07-29,2026-10-22,223869.1,Active
CMP00111,Total multi-state Local Area Network Campaign,In-App,Retirees,2024-02-03,2024-11-14,397899.02,Active
CMP00112,Decentralized logistical challenge Campaign,Email,Small Business,2021-11-04,2023-07-06,260148.74,Completed
CMP00113,Realigned radical functionalities Campaign,Email,Students,2026-05-08,2027-10-24,338033.86,Active
CMP00114,Seamless uniform middleware Campaign,SMS,Students,2027-03-30,2028-05-26,17090.57,Active
CMP00115,Organized cohesive synergy Campaign,Direct Mail,All,2024-02-07,2028-02-16,425620.16,Planned
CMP00116,Versatile dynamic productivity Campaign,Direct Mail,Retirees,2026-09-17,2027-07-15,443637.77,Active
CMP00117,Pre-emptive responsive encoding Campaign,Direct Mail,Retirees,2023-03-16,2027-05-10,202828.17,Active
CMP00118,Horizontal disintermediate flexibility Campaign,Email,High Net Worth,2023-03-10,2023-08-08,390318.1,Active
CMP00119,Configurable client-driven collaboration Campaign,SMS,All,2023-07-23,2028-01-04,234952.19,Active
CMP00120,Triple-buffered didactic architecture Campaign,Email,Retirees,2022-12-05,2026-10-28,71002.86,Cancelled
CMP00121,Persistent intangible approach Campaign,In-App,All,2024-01-12,2025-07-10,299748.9,Cancelled
CMP00122,Visionary optimal standardization Campaign,In-App,All,2022-10-13,2025-03-14,216236.67,Cancelled
CMP00123,Re-engineered homogeneous matrices Campaign,SMS,Retirees,2021-08-28,2027-09-20,227784.53,Active
CMP00124,Versatile human-resource instruction set Campaign,Social Media,All,2021-07-29,2024-01-10,244875.52,Active
CMP00125,Robust directional matrix Campaign,Social Media,Retirees,2024-10-08,2027-07-17,43354.26,Completed
CMP00126,Assimilated human-resource Graphical User Interface Campaign,SMS,Small Business,2022-11-09,2025-05-02,171244.53,Planned
CMP00127,Up-sized composite Local Area Network Campaign,SMS,Students,2025-07-22,2027-12-09,119474.43,Active
CMP00128,Public-key 4thgeneration infrastructure Campaign,SMS,High Net Worth,2027-01-22,2028-07-06,210359.61,Completed
CMP00129,Configurable secondary interface Campaign,In-App,Retirees,2025-02-03,2027-05-19,210808.25,Active
CMP00130,Business-focused empowering implementation Campaign,Direct Mail,Retirees,2022-05-10,2025-03-18,452895.05,Planned
CMP00131,Mandatory well-modulated implementation Campaign,In-App,Retirees,2023-07-04,2025-10-17,241104.97,Completed
CMP00132,Operative eco-centric artificial intelligence Campaign,Social Media,Retirees,2023-03-18,2028-04-12,427456.74,Cancelled
CMP00133,Business-focused grid-enabled definition Campaign,In-App,All,2024-05-12,2027-06-29,400934.74,Active
CMP00134,Streamlined 6thgeneration system engine Campaign,Direct Mail,Students,2025-06-11,2027-11-12,140102.98,Cancelled
CMP00135,Ameliorated regional collaboration Campaign,Email,Retirees,2021-09-23,2023-05-31,171384.12,Cancelled
CMP00136,Customizable non-volatile data-warehouse Campaign,SMS,Retirees,2022-12-21,2025-08-10,460173.1,Planned
CMP00137,Multi-layered composite portal Campaign,Direct Mail,All,2024-05-01,2025-05-30,284374.03,Planned
CMP00138,Customizable zero-defect complexity Campaign,Email,Retirees,2025-03-09,2027-09-11,72171.25,Cancelled
CMP00139,Assimilated fault-tolerant orchestration Campaign,SMS,High Net Worth,2027-05-01,2027-06-17,133777.38,Completed
CMP00140,Object-based transitional customer loyalty Campaign,SMS,Retirees,2025-08-09,2028-06-02,166788.67,Cancelled
CMP00141,Self-enabling dynamic benchmark Campaign,Social Media,Retirees,2021-12-30,2026-07-08,129874.41,Planned
CMP00142,Synergized radical workforce Campaign,Direct Mail,High Net Worth,2025-09-22,2026-07-29,375767.01,Planned
CMP00143,Balanced grid-enabled monitoring Campaign,Social Media,Students,2022-04-08,2028-06-09,326821.33,Planned
CMP00144,Profit-focused secondary Graphical User Interface Campaign,Email,Students,2024-02-11,2025-10-02,103683.54,Planned
CMP00145,Pre-emptive bi-directional Internet solution Campaign,In-App,Students,2021-08-13,2024-07-10,123079.75,Cancelled
CMP00146,Persevering tertiary collaboration Campaign,Email,All,2027-04-23,2028-02-03,474139.73,Cancelled
CMP00147,Streamlined encompassing pricing structure Campaign,Social Media,Small Business,2024-02-26,2027-05-17,88055.63,Planned
CMP00148,Polarized maximized Internet solution Campaign,SMS,Small Business,2026-05-23,2027-07-20,58508.88,Planned
CMP00149,Inverse dynamic array Campaign,Social Media,All,2026-07-01,2027-09-16,340286.91,Cancelled
CMP00150,Versatile maximized open system Campaign,Direct Mail,Students,2023-03-20,2025-08-13,42618.26,Active
CMP00151,Assimilated modular Graphic Interface Campaign,Email,Small Business,2025-03-15,2026-06-20,425895.15,Planned
CMP00152,Fundamental global focus group Campaign,In-App,High Net Worth,2022-08-19,2023-11-19,176865.86,Cancelled
CMP00153,Grass-roots next generation access Campaign,Social Media,High Net Worth,2026-10-28,2028-01-11,255450.59,Completed
CMP00154,Front-line uniform installation Campaign,Email,Retirees,2024-08-22,2025-05-21,412053.8,Planned
CMP00155,Team-oriented methodical project Campaign,Direct Mail,Small Business,2024-06-21,2027-07-23,319614.63,Cancelled
CMP00156,Ameliorated background frame Campaign,SMS,Retirees,2025-10-24,2027-01-13,92187.8,Completed
CMP00157,Integrated stable paradigm Campaign,In-App,All,2022-11-14,2026-10-17,388447.52,Cancelled
CMP00158,Monitored interactive synergy Campaign,Direct Mail,All,2023-10-03,2026-05-28,137855.79,Active
CMP00159,Persevering encompassing function Campaign,Email,Small Business,2024-11-04,2026-02-22,441407.44,Active
CMP00160,Ergonomic foreground capability Campaign,Direct Mail,All,2023-01-19,2023-09-18,307114.19,Cancelled
CMP00161,Team-oriented contextually-based core Campaign,Social Media,High Net Worth,2025-12-31,2028-06-01,249681.72,Completed
CMP00162,Up-sized optimizing task-force Campaign,SMS,Retirees,2022-11-03,2025-08-07,109999.33,Completed
CMP00163,Cross-platform content-based frame Campaign,Social Media,Small Business,2024-09-09,2025-10-12,440758.39,Completed
CMP00164,Advanced tertiary monitoring Campaign,In-App,High Net Worth,2022-11-27,2023-12-01,260730.49,Active
CMP00165,Business-focused neutral frame Campaign,Email,Students,2022-04-20,2022-08-01,361436.96,Cancelled
CMP00166,Versatile mobile benchmark Campaign,In-App,Students,2025-09-22,2026-01-29,346851.62,Cancelled
CMP00167,Phased mission-critical intranet Campaign,Direct Mail,High Net Worth,2026-10-12,2027-10-16,51061.41,Active
CMP00168,Function-based mission-critical budgetary management Campaign,Direct Mail,Students,2023-08-02,2028-05-15,156571.98,Completed
CMP00169,Compatible object-oriented product Campaign,Direct Mail,All,2026-06-23,2027-04-21,267806.36,Cancelled
CMP00170,Re-contextualized exuding artificial intelligence Campaign,In-App,Small Business,2025-08-29,2026-02-04,179146.21,Cancelled
CMP00171,Virtual intangible portal Campaign,Social Media,Small Business,2027-07-04,2027-08-17,129444.82,Planned
CMP00172,Vision-oriented multi-state implementation Campaign,SMS,Small Business,2025-02-12,2027-03-27,64179.6,Active
CMP00173,Reverse-engineered interactive function Campaign,SMS,Students,2024-03-30,2026-02-23,370609.3,Completed
CMP00174,User-centric bandwidth-monitored task-force Campaign,In-App,All,2024-12-14,2025-03-02,300411.42,Planned
CMP00175,Switchable attitude-oriented complexity Campaign,SMS,Small Business,2022-10-15,2024-01-01,117604.17,Active
CMP00176,Diverse 24hour installation Campaign,Social Media,High Net Worth,2022-12-24,2026-01-18,355469.15,Active
CMP00177,Implemented 5thgeneration emulation Campaign,Social Media,High Net Worth,2024-03-30,2026-10-18,487275.99,Completed
CMP00178,Persevering asynchronous software Campaign,SMS,Retirees,2023-04-09,2024-10-04,55780.89,Planned
CMP00179,Self-enabling optimizing protocol Campaign,In-App,Small Business,2022-12-10,2024-06-03,237351.49,Cancelled
CMP00180,Customizable needs-based definition Campaign,Social Media,Students,2026-05-14,2026-10-18,482921.33,Completed
CMP00181,Digitized asynchronous approach Campaign,Direct Mail,High Net Worth,2025-06-05,2028-04-03,411947.24,Cancelled
CMP00182,User-friendly non-volatile forecast Campaign,Direct Mail,High Net Worth,2022-07-15,2024-05-19,290625.47,Planned
CMP00183,Innovative tangible initiative Campaign,SMS,Students,2024-03-05,2026-03-22,406515.33,Completed
CMP00184,Proactive leadingedge artificial intelligence Campaign,Email,Students,2027-03-14,2027-11-14,63633.52,Cancelled
CMP00185,User-centric fresh-thinking portal Campaign,In-App,All,2025-02-16,2028-03-01,396416.71,Active
CMP00186,Synergistic object-oriented parallelism Campaign,In-App,Retirees,2023-01-16,2023-07-18,228004.66,Cancelled
CMP00187,Synergistic encompassing orchestration Campaign,Social Media,All,2027-04-01,2028-07-16,495065.47,Completed
CMP00188,Phased multi-state projection Campaign,In-App,All,2021-10-13,2026-11-23,34814.0,Planned
CMP00189,Reduced intermediate productivity Campaign,SMS,Students,2024-03-12,2025-05-27,135999.83,Planned
CMP00190,Phased grid-enabled installation Campaign,SMS,Students,2026-06-05,2028-06-23,91037.71,Planned
CMP00191,Diverse full-range installation Campaign,SMS,High Net Worth,2023-07-17,2026-11-22,207216.2,Cancelled
CMP00192,Open-architected well-modulated neural-net Campaign,Social Media,High Net Worth,2025-09-14,2026-07-09,119580.74,Completed
CMP00193,Function-based fresh-thinking budgetary management Campaign,Direct Mail,High Net Worth,2021-10-05,2022-05-11,345255.54,Completed
CMP00194,Profound 24hour protocol Campaign,In-App,Students,2027-05-13,2027-11-03,215443.79,Active
CMP00195,Business-focused content-based model Campaign,SMS,Small Business,2026-10-04,2027-08-01,414182.42,Planned
CMP00196,Self-enabling leadingedge task-force Campaign,Email,Students,2023-09-18,2027-05-14,397351.14,Completed
CMP00197,De-engineered executive intranet Campaign,Direct Mail,High Net Worth,2021-11-07,2023-08-21,237005.5,Completed
CMP00198,Assimilated responsive portal Campaign,Direct Mail,Small Business,2026-10-29,2027-08-28,252733.73,Cancelled
CMP00199,Integrated neutral access Campaign,Direct Mail,High Net Worth,2026-05-04,2027-11-26,301028.15,Cancelled
CMP00200,Customizable maximized capability Campaign,Social Media,All,2024-11-08,2025-03-13,128932.11,Planned
CMP00201,Universal explicit migration Campaign,SMS,All,2025-06-05,2025-11-27,295625.85,Planned
CMP00202,Polarized methodical encryption Campaign,Social Media,All,2025-10-10,2026-12-04,24914.68,Active
CMP00203,Ergonomic radical migration Campaign,Direct Mail,All,2024-04-13,2024-11-24,327497.2,Completed
CMP00204,Cloned even-keeled throughput Campaign,SMS,All,2026-01-07,2026-05-12,220763.07,Cancelled
CMP00205,Profit-focused encompassing ability Campaign,Email,Retirees,2026-04-13,2027-03-21,177240.72,Completed
CMP00206,Reverse-engineered optimal protocol Campaign,Social Media,High Net Worth,2023-03-28,2024-10-26,429577.88,Completed
CMP00207,Public-key mission-critical hardware Campaign,Direct Mail,Retirees,2024-06-24,2025-01-30,147667.81,Cancelled
CMP00208,Multi-tiered logistical Graphic Interface Campaign,In-App,High Net Worth,2023-07-15,2027-05-10,230138.82,Completed
CMP00209,Front-line object-oriented info-mediaries Campaign,Social Media,Small Business,2026-10-05,2028-07-04,62381.19,Cancelled
CMP00210,Balanced foreground synergy Campaign,In-App,High Net Worth,2022-12-10,2027-04-14,330541.89,Cancelled
CMP00211,Multi-tiered human-resource protocol Campaign,Direct Mail,High Net Worth,2024-05-18,2028-03-07,97853.36,Completed
CMP00212,Distributed modular alliance Campaign,In-App,Retirees,2026-04-18,2027-10-05,314577.33,Planned
CMP00213,Managed bandwidth-monitored intranet Campaign,SMS,Small Business,2022-04-19,2028-04-28,276863.72,Completed
CMP00214,Advanced uniform circuit Campaign,Direct Mail,Retirees,2022-02-20,2027-12-20,65105.91,Active
CMP00215,Distributed asynchronous leverage Campaign,SMS,Small Business,2024-01-01,2026-12-22,277665.31,Cancelled
CMP00216,Secured system-worthy infrastructure Campaign,Email,Students,2026-03-26,2026-11-04,496167.28,Planned
CMP00217,Synergistic national implementation Campaign,Direct Mail,High Net Worth,2025-06-10,2028-01-31,325616.3,Active
CMP00218,Virtual mobile moratorium Campaign,Direct Mail,Small Business,2027-04-08,2028-01-25,256891.65,Completed
CMP00219,Self-enabling systemic forecast Campaign,Direct Mail,Retirees,2021-10-03,2022-03-21,490221.09,Active
CMP00220,Optional bandwidth-monitored task-force Campaign,Direct Mail,All,2027-07-12,2028-04-14,76597.77,Active
CMP00221,Organic composite solution Campaign,In-App,All,2025-05-06,2028-02-19,374414.81,Active
CMP00222,Inverse analyzing frame Campaign,Email,Small Business,2023-05-04,2023-06-28,387474.19,Cancelled
CMP00223,Fully-configurable multi-tasking installation Campaign,Social Media,All,2023-09-10,2025-10-12,137250.47,Planned
CMP00224,Down-sized context-sensitive artificial intelligence Campaign,Social Media,Small Business,2024-12-08,2027-10-17,419550.58,Cancelled
CMP00225,Synergized disintermediate methodology Campaign,SMS,Retirees,2025-03-14,2026-06-24,271597.39,Completed
CMP00226,Persistent scalable extranet Campaign,Social Media,All,2027-01-07,2027-03-27,382621.98,Cancelled
CMP00227,Persistent executive service-desk Campaign,Direct Mail,Small Business,2024-04-19,2027-02-16,435452.83,Active
CMP00228,Monitored optimizing framework Campaign,In-App,Retirees,2024-10-27,2025-02-04,120613.41,Cancelled
CMP00229,Function-based logistical framework Campaign,Email,Small Business,2025-05-17,2026-09-19,373629.05,Cancelled
CMP00230,Polarized bi-directional encoding Campaign,Direct Mail,Students,2022-09-26,2024-12-19,250187.68,Planned
CMP00231,Implemented tangible frame Campaign,SMS,All,2023-10-30,2025-07-09,482850.03,Completed
CMP00232,Object-based even-keeled access Campaign,Email,Retirees,2021-09-03,2027-05-17,54357.29,Cancelled
CMP00233,User-friendly actuating portal Campaign,Email,Students,2024-12-08,2027-05-30,207939.42,Active
CMP00234,Horizontal zero-defect website Campaign,Email,Retirees,2026-01-05,2028-02-13,391855.02,Completed
CMP00235,Face-to-face scalable core Campaign,Social Media,All,2022-12-03,2027-06-06,347888.78,Planned
CMP00236,Up-sized zero administration protocol Campaign,Social Media,All,2025-04-07,2027-06-27,193104.65,Completed
CMP00237,Cross-platform responsive project Campaign,Direct Mail,All,2025-08-17,2026-01-09,22770.05,Planned
CMP00238,Automated optimal hierarchy Campaign,SMS,Small Business,2021-10-11,2027-02-10,498725.83,Planned
CMP00239,Implemented fresh-thinking synergy Campaign,Direct Mail,High Net Worth,2025-12-08,2026-03-03,381383.0,Planned
CMP00240,Quality-focused high-level moderator Campaign,Direct Mail,Students,2024-01-13,2024-12-08,348530.58,Planned
CMP00241,Down-sized eco-centric matrices Campaign,Email,Small Business,2024-07-20,2025-08-21,399091.02,Completed
CMP00242,Mandatory bifurcated Local Area Network Campaign,Social Media,Small Business,2027-05-07,2027-09-12,218189.96,Active
CMP00243,Face-to-face systematic success Campaign,In-App,Retirees,2027-04-27,2027-06-28,285134.39,Active
CMP00244,Realigned high-level array Campaign,SMS,Students,2025-08-03,2026-10-05,44089.33,Cancelled
CMP00245,Public-key bottom-line knowledgebase Campaign,In-App,Students,2026-04-15,2026-04-26,251345.29,Active
CMP00246,Fundamental optimal implementation Campaign,SMS,Retirees,2023-10-02,2027-05-04,320762.79,Cancelled
CMP00247,Customer-focused systematic emulation Campaign,Social Media,High Net Worth,2026-06-23,2028-06-01,449959.72,Cancelled
CMP00248,Realigned fresh-thinking pricing structure Campaign,Social Media,All,2024-05-15,2026-12-15,83197.93,Cancelled
CMP00249,Persistent tangible framework Campaign,Social Media,All,2022-11-14,2023-03-24,153081.35,Cancelled
CMP00250,Balanced 5thgeneration framework Campaign,Social Media,Retirees,2025-06-09,2025-10-19,423425.44,Active
CMP00251,Front-line national challenge Campaign,Direct Mail,Retirees,2027-07-09,2027-08-21,57793.37,Cancelled
CMP00252,User-friendly tangible moratorium Campaign,In-App,Small Business,2023-11-15,2025-08-08,289531.91,Completed
CMP00253,Distributed intangible projection Campaign,Email,Retirees,2024-01-21,2027-05-21,140867.79,Planned
CMP00254,Open-source even-keeled alliance Campaign,In-App,Retirees,2022-02-19,2025-04-09,417255.26,Completed
CMP00255,Organic disintermediate hierarchy Campaign,SMS,All,2025-09-07,2026-04-21,401956.32,Active
CMP00256,Quality-focused secondary help-desk Campaign,SMS,All,2022-02-19,2026-07-12,129060.27,Active
CMP00257,Decentralized logistical array Campaign,Email,High Net Worth,2021-11-26,2023-09-26,157921.78,Cancelled
CMP00258,Right-sized 3rdgeneration application Campaign,Email,All,2025-07-08,2027-06-17,185606.31,Active
CMP00259,De-engineered zero tolerance open system Campaign,Email,Small Business,2026-04-06,2026-10-25,166725.97,Cancelled
CMP00260,Reactive demand-driven parallelism Campaign,SMS,Students,2022-10-09,2027-07-24,70419.1,Completed
CMP00261,Managed zero-defect circuit Campaign,In-App,All,2022-11-02,2027-10-19,457176.05,Active
CMP00262,Grass-roots client-server capacity Campaign,Social Media,Retirees,2026-04-10,2027-08-17,483855.12,Completed
CMP00263,Customizable stable algorithm Campaign,Social Media,High Net Worth,2024-10-13,2027-10-14,236824.04,Planned
CMP00264,Front-line optimizing Graphic Interface Campaign,SMS,Students,2022-05-01,2024-07-21,430769.6,Cancelled
CMP00265,De-engineered user-facing instruction set Campaign,In-App,Small Business,2021-08-20,2023-06-20,49699.92,Cancelled
CMP00266,Phased local time-frame Campaign,Email,Small Business,2024-09-12,2027-07-25,270603.29,Cancelled
CMP00267,Organized motivating definition Campaign,Social Media,Small Business,2023-09-18,2026-07-31,294357.25,Completed
CMP00268,Switchable multi-state framework Campaign,Email,Students,2027-03-20,2027-04-10,238381.05,Completed
CMP00269,Centralized mission-critical initiative Campaign,In-App,Students,2024-04-16,2028-05-22,325587.93,Cancelled
CMP00270,Universal leadingedge archive Campaign,Social Media,Retirees,2024-02-06,2024-07-30,62754.59,Planned
CMP00271,Digitized asymmetric capacity Campaign,Email,Small Business,2026-12-09,2027-06-15,497984.05,Planned
CMP00272,Reactive transitional Graphic Interface Campaign,Email,Students,2023-03-11,2026-07-30,444193.36,Active
CMP00273,Implemented logistical middleware Campaign,Direct Mail,Retirees,2023-10-29,2026-08-23,188650.7,Cancelled
CMP00274,Total bifurcated projection Campaign,In-App,Students,2025-03-05,2025-07-04,443279.82,Planned
CMP00275,Up-sized didactic Internet solution Campaign,Direct Mail,All,2025-06-12,2027-10-29,207017.36,Completed
CMP00276,Mandatory logistical initiative Campaign,Email,Small Business,2024-04-01,2025-03-25,112548.49,Cancelled
CMP00277,Optimized foreground secured line Campaign,SMS,Small Business,2024-01-14,2024-06-18,54180.54,Completed
CMP00278,Synergized methodical architecture Campaign,In-App,Small Business,2023-01-26,2028-04-15,34972.29,Completed
CMP00279,Optional bandwidth-monitored synergy Campaign,SMS,High Net Worth,2022-02-01,2022-08-21,474760.34,Cancelled
CMP00280,Realigned analyzing parallelism Campaign,Email,Students,2025-12-22,2028-01-22,322643.71,Planned
CMP00281,Synchronized bottom-line installation Campaign,Email,Small Business,2027-04-13,2027-12-27,125566.6,Active
CMP00282,Versatile interactive success Campaign,In-App,Students,2023-08-31,2026-11-28,38962.03,Active
CMP00283,Integrated heuristic benchmark Campaign,In-App,Students,2021-11-06,2023-10-10,407461.23,Active
CMP00284,Switchable mission-critical definition Campaign,Social Media,Students,2025-01-03,2025-10-04,395378.66,Planned
CMP00285,Realigned holistic budgetary management Campaign,Social Media,Students,2026-08-17,2027-04-19,493826.02,Completed
CMP00286,Optimized next generation throughput Campaign,SMS,High Net Worth,2026-02-12,2027-07-05,332223.53,Planned
CMP00287,Stand-alone next generation algorithm Campaign,SMS,High Net Worth,2026-06-14,2027-09-25,182329.93,Active
CMP00288,Team-oriented encompassing algorithm Campaign,In-App,Small Business,2025-03-12,2027-05-25,12811.64,Completed
CMP00289,Integrated global hardware Campaign,Email,Students,2022-08-16,2026-10-13,372150.44,Planned
CMP00290,Re-contextualized stable initiative Campaign,Email,Retirees,2021-07-30,2027-08-20,226896.23,Completed
CMP00291,Assimilated background synergy Campaign,In-App,All,2021-12-16,2026-11-02,58981.73,Active
CMP00292,Persevering global complexity Campaign,In-App,High Net Worth,2024-09-21,2026-02-27,364985.28,Completed
CMP00293,Vision-oriented non-volatile policy Campaign,Direct Mail,High Net Worth,2023-10-06,2027-03-18,35108.58,Cancelled
CMP00294,Diverse web-enabled process improvement Campaign,Direct Mail,Retirees,2022-01-19,2022-05-23,344618.26,Cancelled
CMP00295,Organic stable interface Campaign,Direct Mail,High Net Worth,2021-11-03,2022-05-21,450137.05,Completed
CMP00296,Future-proofed didactic system engine Campaign,In-App,Students,2024-06-15,2026-04-05,37512.71,Completed
CMP00297,Customizable executive service-desk Campaign,In-App,All,2024-08-13,2025-12-20,276436.43,Completed
CMP00298,Synchronized fault-tolerant analyzer Campaign,Direct Mail,All,2025-08-12,2027-01-14,267625.63,Cancelled
CMP00299,Centralized 24hour database Campaign,In-App,All,2022-11-12,2028-06-14,217948.67,Planned
CMP00300,Devolved well-modulated extranet Campaign,In-App,Students,2023-05-08,2024-06-11,217884.62,Active
CMP00301,Proactive value-added Internet solution Campaign,Direct Mail,Small Business,2023-04-12,2023-11-28,414572.52,Cancelled
CMP00302,Triple-buffered discrete middleware Campaign,Direct Mail,High Net Worth,2022-08-06,2024-11-08,159711.43,Completed
CMP00303,Multi-channeled asynchronous infrastructure Campaign,Social Media,Small Business,2024-11-22,2027-05-01,477028.3,Cancelled
CMP00304,Ameliorated logistical archive Campaign,Email,High Net Worth,2026-09-17,2026-10-15,416727.08,Planned
CMP00305,Re-engineered impactful strategy Campaign,Direct Mail,High Net Worth,2026-09-18,2027-10-07,373571.54,Completed
CMP00306,Open-architected 3rdgeneration Graphic Interface Campaign,SMS,All,2025-05-20,2026-04-19,34690.58,Completed
CMP00307,Persevering system-worthy hierarchy Campaign,Email,Retirees,2022-07-28,2028-03-24,180031.05,Cancelled
CMP00308,Fully-configurable intermediate parallelism Campaign,Email,Small Business,2022-01-26,2027-07-15,302203.0,Completed
CMP00309,Integrated value-added Graphical User Interface Campaign,Email,All,2023-12-11,2024-04-21,256169.21,Active
CMP00310,Compatible multimedia productivity Campaign,Direct Mail,Students,2022-11-14,2027-04-16,424401.05,Completed
CMP00311,Vision-oriented grid-enabled hardware Campaign,In-App,Small Business,2022-03-23,2025-06-11,61868.23,Completed
CMP00312,Digitized disintermediate benchmark Campaign,In-App,Students,2025-11-27,2028-01-24,404574.58,Planned
CMP00313,Robust coherent task-force Campaign,In-App,Small Business,2022-06-03,2023-08-18,19331.82,Completed
CMP00314,Visionary responsive methodology Campaign,Social Media,Small Business,2026-02-05,2026-04-13,178756.59,Active
CMP00315,Reduced local software Campaign,SMS,All,2024-04-28,2026-09-13,330385.59,Planned
CMP00316,Sharable regional Graphic Interface Campaign,SMS,High Net Worth,2027-02-01,2027-11-28,50420.05,Active
CMP00317,Distributed leadingedge architecture Campaign,Direct Mail,Retirees,2026-09-23,2027-11-12,229554.67,Active
CMP00318,Grass-roots optimizing approach Campaign,Social Media,Small Business,2024-05-09,2026-12-31,362190.0,Planned
CMP00319,Persistent local alliance Campaign,Email,Students,2023-08-27,2024-01-06,82917.9,Planned
CMP00320,Compatible secondary array Campaign,Email,Small Business,2021-11-18,2027-06-03,224340.92,Cancelled
CMP00321,Persistent optimal neural-net Campaign,Direct Mail,All,2025-03-26,2026-11-29,223811.87,Completed
CMP00322,Balanced local workforce Campaign,SMS,All,2027-04-08,2028-03-17,61339.67,Cancelled
CMP00323,Robust methodical middleware Campaign,Email,Small Business,2024-12-21,2025-08-23,340717.86,Cancelled
CMP00324,Customer-focused global structure Campaign,In-App,Small Business,2022-06-12,2022-10-27,27481.59,Cancelled
CMP00325,Balanced dynamic strategy Campaign,In-App,High Net Worth,2022-01-17,2026-03-30,8805.11,Completed
CMP00326,Programmable reciprocal complexity Campaign,SMS,Students,2024-03-02,2026-02-02,383259.64,Completed
CMP00327,Networked incremental time-frame Campaign,Social Media,High Net Worth,2023-09-22,2028-02-23,8826.3,Cancelled
CMP00328,Self-enabling secondary groupware Campaign,SMS,Students,2023-07-28,2026-07-17,193202.69,Active
CMP00329,Synergistic human-resource forecast Campaign,In-App,All,2021-12-08,2022-07-24,417510.33,Completed
CMP00330,Robust coherent groupware Campaign,Email,Retirees,2023-01-20,2027-09-23,431573.36,Planned
CMP00331,Monitored fault-tolerant projection Campaign,Direct Mail,High Net Worth,2022-01-11,2026-05-08,232578.35,Planned
CMP00332,Right-sized tertiary artificial intelligence Campaign,Social Media,All,2025-09-25,2026-11-01,217495.72,Cancelled
CMP00333,Managed clear-thinking secured line Campaign,Direct Mail,Small Business,2023-05-26,2025-05-02,62010.82,Planned
CMP00334,Synergized multi-tasking array Campaign,Social Media,Students,2025-10-04,2028-05-24,401654.47,Cancelled
CMP00335,Multi-lateral 3rdgeneration hierarchy Campaign,Social Media,High Net Worth,2025-06-02,2026-09-28,221172.33,Planned
CMP00336,Mandatory zero administration matrix Campaign,SMS,Retirees,2023-05-25,2028-04-16,296491.29,Planned
CMP00337,Distributed asynchronous frame Campaign,Direct Mail,Small Business,2022-09-10,2028-07-16,374173.39,Active
CMP00338,Visionary needs-based support Campaign,Social Media,Students,2026-08-10,2026-10-20,42807.79,Planned
CMP00339,Mandatory zero administration process improvement Campaign,In-App,All,2026-11-05,2026-11-28,100982.33,Completed
CMP00340,Diverse contextually-based solution Campaign,Social Media,Students,2022-04-30,2024-09-01,121953.08,Active
CMP00341,Down-sized uniform intranet Campaign,Social Media,Students,2026-03-03,2028-02-02,90882.02,Active
CMP00342,Up-sized disintermediate intranet Campaign,Email,Students,2021-10-20,2024-04-03,475889.61,Cancelled
CMP00343,Organized discrete monitoring Campaign,Direct Mail,All,2025-03-16,2027-09-19,381139.19,Cancelled
CMP00344,Phased content-based hub Campaign,In-App,All,2022-12-23,2028-05-08,164988.08,Completed
CMP00345,Organic maximized throughput Campaign,SMS,Retirees,2025-08-11,2027-04-13,38801.7,Cancelled
CMP00346,Progressive intangible complexity Campaign,Social Media,Small Business,2023-03-26,2025-04-04,297752.78,Completed
CMP00347,Devolved eco-centric application Campaign,In-App,High Net Worth,2026-06-11,2028-02-15,158651.89,Cancelled
CMP00348,Reactive bi-directional structure Campaign,Email,High Net Worth,2025-05-22,2028-02-22,187525.11,Completed
CMP00349,Horizontal attitude-oriented task-force Campaign,Email,High Net Worth,2026-08-14,2028-04-03,309429.15,Cancelled
CMP00350,Profound client-server Internet solution Campaign,Direct Mail,All,2022-07-03,2025-03-20,279386.6,Planned
CMP00351,Organized grid-enabled algorithm Campaign,Direct Mail,All,2022-02-03,2027-12-19,327659.54,Completed
CMP00352,Multi-layered disintermediate info-mediaries Campaign,In-App,Retirees,2024-01-12,2025-10-26,253176.81,Planned
CMP00353,Assimilated foreground attitude Campaign,Direct Mail,High Net Worth,2027-07-05,2027-11-23,406428.57,Completed
CMP00354,Digitized client-driven alliance Campaign,Email,All,2026-07-30,2027-11-08,324832.91,Planned
CMP00355,Total client-driven task-force Campaign,SMS,Retirees,2023-04-06,2027-08-23,495538.08,Active
CMP00356,Adaptive attitude-oriented adapter Campaign,Social Media,Small Business,2025-10-10,2027-01-06,459378.71,Cancelled
CMP00357,Reactive upward-trending portal Campaign,Direct Mail,Small Business,2023-01-28,2027-08-22,341054.37,Planned
CMP00358,Horizontal disintermediate framework Campaign,Social Media,High Net Worth,2024-09-15,2025-02-17,168196.92,Cancelled
CMP00359,Sharable regional knowledgebase Campaign,Social Media,Small Business,2022-04-10,2023-10-08,363248.16,Active
CMP00360,Proactive radical monitoring Campaign,Social Media,High Net Worth,2021-12-01,2027-06-17,293456.06,Active
CMP00361,Front-line transitional circuit Campaign,Social Media,Small Business,2021-08-22,2025-03-13,484009.77,Cancelled
CMP00362,Multi-channeled disintermediate orchestration Campaign,SMS,All,2023-04-16,2023-04-19,355872.84,Planned
CMP00363,Configurable multi-tasking hierarchy Campaign,Social Media,All,2024-01-16,2027-01-12,191456.26,Completed
CMP00364,Profit-focused zero tolerance middleware Campaign,SMS,All,2021-12-12,2025-06-01,51259.22,Cancelled
CMP00365,Phased 6thgeneration productivity Campaign,In-App,Small Business,2024-11-12,2026-04-20,14024.12,Completed
CMP00366,User-friendly 3rdgeneration help-desk Campaign,SMS,Students,2023-11-12,2025-08-10,174157.51,Cancelled
CMP00367,Upgradable stable product Campaign,SMS,Students,2026-04-10,2027-01-20,499988.43,Active
CMP00368,Versatile full-range challenge Campaign,Email,Small Business,2022-03-01,2025-11-15,422992.05,Planned
CMP00369,Stand-alone context-sensitive time-frame Campaign,In-App,All,2021-10-22,2025-06-26,418384.31,Planned
CMP00370,Polarized responsive contingency Campaign,Social Media,All,2025-08-25,2028-06-26,69869.28,Cancelled
CMP00371,Vision-oriented logistical alliance Campaign,SMS,Students,2026-05-30,2026-07-18,94518.75,Active
CMP00372,Exclusive 6thgeneration functionalities Campaign,Direct Mail,High Net Worth,2023-04-21,2023-07-13,208375.01,Active
CMP00373,Quality-focused methodical extranet Campaign,Direct Mail,All,2027-02-21,2027-11-11,146039.33,Cancelled
CMP00374,Horizontal heuristic time-frame Campaign,SMS,All,2021-10-05,2026-02-23,123388.41,Cancelled
CMP00375,Future-proofed bottom-line website Campaign,SMS,Small Business,2021-10-29,2026-03-25,340761.88,Cancelled
CMP00376,User-friendly leadingedge info-mediaries Campaign,Direct Mail,Small Business,2023-10-01,2028-01-05,390171.4,Cancelled
CMP00377,Team-oriented modular hub Campaign,SMS,Students,2023-07-30,2024-07-02,401623.32,Active
CMP00378,Configurable upward-trending interface Campaign,Social Media,High Net Worth,2027-02-02,2027-11-04,322383.62,Completed
CMP00379,Enterprise-wide needs-based frame Campaign,In-App,High Net Worth,2022-01-06,2025-12-12,357143.48,Planned
CMP00380,Switchable explicit function Campaign,Social Media,High Net Worth,2023-06-21,2023-11-16,382742.83,Completed
CMP00381,Down-sized system-worthy intranet Campaign,Direct Mail,All,2024-03-20,2027-04-27,77937.58,Cancelled
CMP00382,Multi-channeled reciprocal Internet solution Campaign,Email,Students,2023-08-26,2023-11-09,409268.11,Completed
CMP00383,Centralized asynchronous secured line Campaign,Email,Retirees,2023-03-10,2028-06-07,31362.16,Completed
CMP00384,User-friendly systematic complexity Campaign,SMS,Retirees,2025-05-14,2026-07-09,497290.05,Completed
CMP00385,Robust systematic toolset Campaign,SMS,High Net Worth,2027-04-05,2027-06-10,162749.01,Planned
CMP00386,Front-line zero-defect project Campaign,Social Media,Students,2024-03-03,2024-09-20,73111.8,Completed
CMP00387,Re-contextualized 5thgeneration portal Campaign,Direct Mail,Students,2023-09-27,2025-07-29,380626.37,Cancelled
CMP00388,Multi-layered holistic intranet Campaign,Direct Mail,All,2022-06-18,2025-03-13,7599.34,Planned
CMP00389,Progressive high-level infrastructure Campaign,Email,Small Business,2026-02-13,2027-07-05,111749.1,Active
CMP00390,Customizable 4thgeneration support Campaign,In-App,All,2023-06-06,2024-11-07,266246.9,Planned
CMP00391,Realigned bottom-line firmware Campaign,Social Media,Students,2022-08-28,2025-09-14,154069.84,Planned
CMP00392,Extended reciprocal forecast Campaign,SMS,Retirees,2026-03-11,2027-11-05,321281.11,Cancelled
CMP00393,Exclusive bottom-line challenge Campaign,Email,High Net Worth,2025-09-15,2028-07-15,419160.42,Cancelled
CMP00394,Universal leadingedge array Campaign,In-App,All,2026-08-29,2027-07-06,13135.5,Active
CMP00395,Intuitive static hardware Campaign,SMS,Small Business,2026-05-28,2028-06-21,217473.25,Completed
CMP00396,Implemented exuding complexity Campaign,SMS,All,2025-10-19,2027-04-23,211200.96,Planned
CMP00397,Sharable context-sensitive utilization Campaign,In-App,Small Business,2025-10-24,2028-05-05,38501.26,Planned
CMP00398,Exclusive client-driven encoding Campaign,Direct Mail,Retirees,2023-09-17,2024-10-16,26549.54,Cancelled
CMP00399,Reactive object-oriented hub Campaign,Social Media,Small Business,2026-04-14,2026-05-05,374921.71,Completed
CMP00400,De-engineered reciprocal array Campaign,Email,Small Business,2024-05-06,2028-06-20,124357.33,Planned
CMP00401,Universal uniform matrices Campaign,In-App,Small Business,2021-12-08,2024-07-25,71037.75,Completed
CMP00402,Re-engineered asynchronous capacity Campaign,In-App,Small Business,2024-09-11,2027-08-27,407686.89,Active
CMP00403,Organized maximized software Campaign,Direct Mail,Retirees,2027-05-18,2028-02-15,317709.24,Active
CMP00404,Vision-oriented neutral productivity Campaign,Email,Retirees,2024-08-24,2025-02-22,23306.98,Active
CMP00405,De-engineered intermediate middleware Campaign,Email,Students,2025-01-25,2027-09-26,443466.24,Completed
CMP00406,Decentralized multi-state collaboration Campaign,Social Media,All,2027-01-03,2027-02-03,202120.91,Cancelled
CMP00407,Triple-buffered directional hardware Campaign,Social Media,High Net Worth,2023-05-14,2024-03-15,377879.0,Active
CMP00408,Horizontal attitude-oriented extranet Campaign,Social Media,Small Business,2027-03-24,2027-11-28,431758.57,Planned
CMP00409,Grass-roots clear-thinking product Campaign,Social Media,Small Business,2022-09-20,2028-04-15,66615.13,Completed
CMP00410,Profit-focused secondary concept Campaign,Direct Mail,Retirees,2023-05-11,2026-02-14,372937.31,Cancelled
CMP00411,Down-sized stable process improvement Campaign,Social Media,Students,2025-02-03,2027-02-04,250620.6,Cancelled
CMP00412,Re-contextualized 6thgeneration algorithm Campaign,Social Media,All,2025-11-12,2027-06-26,137026.74,Planned
CMP00413,Visionary object-oriented firmware Campaign,Direct Mail,High Net Worth,2022-01-11,2028-03-16,218150.54,Active
CMP00414,Operative regional productivity Campaign,In-App,Small Business,2025-06-13,2027-10-27,163999.66,Planned
CMP00415,Quality-focused explicit project Campaign,Social Media,Small Business,2021-09-21,2027-10-14,156715.45,Cancelled
CMP00416,Synergized impactful framework Campaign,SMS,Retirees,2027-04-13,2027-11-21,179015.76,Planned
CMP00417,Diverse leadingedge instruction set Campaign,Social Media,All,2024-04-06,2027-03-18,499084.55,Completed
CMP00418,Robust client-server functionalities Campaign,Email,High Net Worth,2024-06-12,2025-04-13,337236.03,Cancelled
CMP00419,Monitored impactful capacity Campaign,Social Media,All,2026-09-17,2027-04-18,401542.51,Active
CMP00420,Customer-focused foreground encoding Campaign,Email,Students,2026-02-08,2027-05-12,425091.31,Cancelled
CMP00421,Fully-configurable client-server attitude Campaign,Email,Students,2024-05-04,2025-06-18,38280.51,Completed
CMP00422,Seamless intangible encryption Campaign,Social Media,Retirees,2021-11-04,2028-03-05,474986.22,Planned
CMP00423,Inverse object-oriented success Campaign,In-App,Students,2027-04-27,2028-06-03,341135.72,Completed
CMP00424,Proactive multimedia Local Area Network Campaign,Social Media,Retirees,2023-06-02,2027-04-30,382726.81,Active
CMP00425,Ameliorated background infrastructure Campaign,In-App,Small Business,2024-07-14,2025-10-08,202026.85,Completed
CMP00426,Extended optimal help-desk Campaign,SMS,High Net Worth,2024-07-28,2028-05-29,17827.1,Active
CMP00427,Right-sized solution-oriented service-desk Campaign,Direct Mail,All,2021-10-31,2023-09-20,196558.75,Planned
CMP00428,Customer-focused intermediate challenge Campaign,Social Media,Small Business,2024-05-13,2026-08-09,353498.72,Active
CMP00429,Virtual impactful hierarchy Campaign,In-App,Small Business,2026-11-02,2028-01-29,348520.42,Cancelled
CMP00430,Realigned content-based hierarchy Campaign,SMS,High Net Worth,2021-10-24,2022-02-26,72185.57,Planned
CMP00431,Profit-focused local task-force Campaign,Direct Mail,Students,2024-11-10,2025-02-16,449846.12,Cancelled
CMP00432,Secured systemic pricing structure Campaign,Email,Small Business,2024-11-03,2027-11-23,335580.7,Planned
CMP00433,Object-based holistic utilization Campaign,In-App,All,2022-04-03,2028-05-20,148729.33,Completed
CMP00434,Multi-lateral web-enabled circuit Campaign,SMS,Students,2027-06-19,2028-01-24,397879.71,Active
CMP00435,Profit-focused 6thgeneration analyzer Campaign,Email,Students,2022-09-26,2025-09-09,397072.51,Active
CMP00436,Phased multi-state knowledgebase Campaign,Direct Mail,High Net Worth,2021-10-10,2026-08-08,183643.78,Completed
CMP00437,Devolved fresh-thinking pricing structure Campaign,Direct Mail,All,2022-06-08,2027-11-21,69236.76,Planned
CMP00438,Seamless user-facing framework Campaign,Email,Small Business,2023-06-15,2025-06-14,202089.19,Cancelled
CMP00439,Profound national matrix Campaign,In-App,Retirees,2025-02-07,2026-11-06,385736.45,Planned
CMP00440,Ameliorated holistic groupware Campaign,SMS,Small Business,2025-10-17,2026-08-13,322957.6,Cancelled
CMP00441,Reduced fault-tolerant utilization Campaign,Direct Mail,All,2025-08-01,2028-06-25,175534.82,Active
CMP00442,Self-enabling 4thgeneration policy Campaign,SMS,Retirees,2026-12-08,2028-05-02,253917.57,Planned
CMP00443,Vision-oriented optimal orchestration Campaign,Email,All,2024-05-22,2028-05-28,80742.66,Active
CMP00444,Polarized composite moderator Campaign,SMS,Small Business,2022-11-27,2023-03-12,467695.23,Active
CMP00445,Multi-tiered client-server software Campaign,Social Media,All,2025-04-25,2027-04-25,447988.33,Planned
CMP00446,Total bifurcated core Campaign,Social Media,Students,2022-12-29,2026-03-03,319353.26,Completed
CMP00447,Distributed incremental solution Campaign,SMS,Small Business,2021-08-27,2023-10-25,309142.0,Planned
CMP00448,Seamless methodical support Campaign,In-App,Students,2022-10-06,2025-08-30,297945.18,Active
CMP00449,Programmable demand-driven open architecture Campaign,SMS,All,2025-11-27,2027-10-07,361713.22,Completed
CMP00450,Progressive homogeneous functionalities Campaign,In-App,High Net Worth,2023-06-29,2026-11-01,413491.95,Planned
CMP00451,Public-key global moratorium Campaign,Email,High Net Worth,2027-04-14,2027-11-11,474530.69,Completed
CMP00452,Up-sized systemic project Campaign,SMS,All,2023-09-01,2027-06-06,211210.46,Planned
CMP00453,Polarized content-based encryption Campaign,Direct Mail,All,2026-05-13,2026-12-09,148387.47,Completed
CMP00454,Innovative zero administration forecast Campaign,Direct Mail,Students,2023-03-20,2024-10-20,403320.64,Cancelled
CMP00455,Pre-emptive foreground matrices Campaign,Social Media,Retirees,2025-10-09,2027-09-07,41121.65,Planned
CMP00456,Up-sized even-keeled forecast Campaign,SMS,Retirees,2023-08-20,2028-03-20,210732.76,Cancelled
CMP00457,Multi-tiered hybrid hardware Campaign,SMS,Small Business,2022-04-10,2026-07-07,305296.83,Completed
CMP00458,Implemented 6thgeneration forecast Campaign,Social Media,Small Business,2027-04-09,2028-04-17,487810.19,Active
CMP00459,Organic solution-oriented extranet Campaign,Social Media,All,2027-04-11,2027-05-17,283017.35,Completed
CMP00460,Public-key encompassing open architecture Campaign,SMS,Retirees,2026-01-10,2026-07-25,65648.34,Cancelled
CMP00461,Seamless user-facing parallelism Campaign,SMS,Students,2025-09-20,2026-02-08,52921.77,Completed
CMP00462,Progressive directional productivity Campaign,Direct Mail,All,2022-12-23,2023-04-05,211976.7,Active
CMP00463,Managed transitional leverage Campaign,Social Media,All,2022-12-09,2023-07-02,361958.57,Active
CMP00464,Adaptive neutral complexity Campaign,SMS,Retirees,2022-02-22,2027-01-28,498004.86,Cancelled
CMP00465,Phased mission-critical projection Campaign,Direct Mail,Small Business,2023-12-25,2028-03-30,251198.29,Planned
CMP00466,Inverse executive project Campaign,Direct Mail,All,2022-09-27,2028-05-01,231329.17,Active
CMP00467,Streamlined object-oriented emulation Campaign,SMS,All,2021-11-23,2027-01-02,179683.07,Planned
CMP00468,Automated context-sensitive instruction set Campaign,Social Media,Retirees,2024-10-02,2027-06-29,300771.79,Cancelled
CMP00469,Automated hybrid toolset Campaign,Social Media,All,2026-11-01,2027-02-18,9047.82,Planned
CMP00470,Implemented 5thgeneration access Campaign,Direct Mail,Students,2024-07-06,2028-04-14,441815.59,Completed
CMP00471,Managed executive knowledgebase Campaign,Direct Mail,Small Business,2023-05-02,2026-06-22,27394.99,Planned
CMP00472,Proactive client-driven middleware Campaign,In-App,All,2027-06-24,2028-01-21,101354.37,Completed
CMP00473,Customizable full-range complexity Campaign,Email,Retirees,2024-05-07,2025-02-26,254606.49,Completed
CMP00474,Universal contextually-based access Campaign,In-App,All,2025-12-05,2027-08-16,63811.45,Planned
CMP00475,Re-contextualized systematic system engine Campaign,Direct Mail,Small Business,2025-12-17,2028-01-01,398474.13,Completed
CMP00476,Sharable impactful interface Campaign,In-App,Small Business,2022-09-13,2026-04-08,378707.76,Active
CMP00477,Synchronized bandwidth-monitored contingency Campaign,In-App,All,2024-08-19,2024-12-20,203686.61,Planned
CMP00478,Fully-configurable 24hour firmware Campaign,Email,High Net Worth,2027-06-07,2027-12-17,72833.0,Completed
CMP00479,Future-proofed full-range framework Campaign,Direct Mail,All,2023-11-04,2025-12-10,231209.34,Active
CMP00480,Fundamental solution-oriented hierarchy Campaign,Social Media,All,2025-01-13,2027-01-16,162672.37,Cancelled
CMP00481,Decentralized maximized function Campaign,In-App,Small Business,2025-09-12,2025-11-15,298893.7,Cancelled
CMP00482,Triple-buffered zero administration function Campaign,In-App,Small Business,2022-07-02,2026-08-24,240071.84,Planned
CMP00483,Implemented holistic pricing structure Campaign,Social Media,Small Business,2025-09-07,2027-07-05,338534.16,Cancelled
CMP00484,Polarized coherent knowledgebase Campaign,In-App,Small Business,2022-11-13,2028-04-19,399393.63,Planned
CMP00485,Operative tangible neural-net Campaign,In-App,Retirees,2026-01-11,2027-07-21,136437.57,Active
CMP00486,Synchronized didactic task-force Campaign,Email,All,2027-01-07,2028-03-03,242822.15,Cancelled
CMP00487,Configurable multi-tasking knowledge user Campaign,SMS,Students,2023-01-10,2027-03-10,20627.4,Planned
CMP00488,Re-contextualized bifurcated approach Campaign,SMS,High Net Worth,2024-09-16,2026-02-04,223314.09,Cancelled
CMP00489,Exclusive object-oriented monitoring Campaign,SMS,Retirees,2026-07-07,2028-05-06,346797.63,Cancelled
CMP00490,Programmable leadingedge budgetary management Campaign,In-App,All,2022-06-10,2024-06-10,460657.87,Planned
CMP00491,Pre-emptive background migration Campaign,SMS,All,2025-08-16,2027-09-19,107634.14,Completed
CMP00492,De-engineered multimedia instruction set Campaign,Direct Mail,All,2024-03-19,2024-06-14,191528.26,Active
CMP00493,Persistent systematic workforce Campaign,Direct Mail,All,2024-04-13,2024-07-11,174451.87,Completed
CMP00494,Function-based 24hour synergy Campaign,Social Media,All,2023-05-23,2023-07-02,244669.15,Active
CMP00495,Optimized grid-enabled standardization Campaign,Social Media,All,2022-11-06,2023-04-06,152757.08,Completed
CMP00496,Cloned methodical alliance Campaign,Social Media,Students,2021-12-03,2028-07-02,346668.76,Cancelled
CMP00497,Devolved zero administration project Campaign,Social Media,Retirees,2023-04-07,2024-03-19,177657.57,Completed
CMP00498,Operative holistic implementation Campaign,Social Media,High Net Worth,2027-05-31,2028-02-21,288871.02,Cancelled
CMP00499,Multi-tiered homogeneous artificial intelligence Campaign,Direct Mail,Small Business,2024-03-26,2028-03-08,477531.39,Active
CMP00500,Quality-focused client-driven projection Campaign,Social Media,High Net Worth,2025-08-21,2027-07-24,147377.02,Planned
