branch_id,branch_name,region_id,address,city,state,zip_code,phone_number,open_date
BRN00001,North Judithbury Branch,REG002,18196 Anthony Forge,New Carolyn,OH,26563,001-486-537-9402x654,2023-06-12
BRN00002,Curtisfurt Branch,REG001,5940 Herrera Lane,New Kellystad,OK,25704,001-410-734-1316x475,1993-12-13
BRN00003,Jacquelineland Branch,REG005,327 Nelson Route,Lake Mark,WI,07832,505.964.1395,1995-12-06
BRN00004,Thomasberg Branch,REG004,884 Hurst Locks,Jeffreyberg,NY,65187,801-922-6916,2002-06-21
BRN00005,Lake Jenniferside Branch,REG004,514 Moore Alley Suite 828,Port Colleenhaven,PA,26572,(252)388-0957,2022-01-25
BRN00006,Johnbury Branch,REG003,71822 Arroyo Expressway,Allisonchester,IL,71187,001-534-565-7871x33150,1976-11-23
BRN00007,East Carloston Branch,REG002,83473 Jennifer Ports Suite 376,North Collin,NE,46939,(467)801-0651x33387,1985-07-14
BRN00008,Wrightland Branch,REG009,108 Tanya Terrace Apt. 267,Lewisfurt,MH,08186,(960)464-7468,1985-11-06
BRN00009,North Beth Branch,REG002,500 Shaw Walk,North Susan,CO,24857,291-336-1939,1997-01-31
BRN00010,Sarahborough Branch,REG007,46247 Hickman Cliffs Apt. 799,North Amandahaven,KS,17862,(613)354-2784x980,2022-07-20
BRN00011,West Darrell Branch,REG001,824 Jacobs Stravenue,Jamesview,NY,64533,801-264-0052x427,1982-01-10
BRN00012,New Barry Branch,REG001,826 Bobby Lakes Apt. 533,West Kimberlychester,RI,98736,(532)626-0256,1984-05-06
BRN00013,South Monicafort Branch,REG002,75433 Donna Locks,Joshualand,WI,37086,(386)885-0142x940,1993-06-25
BRN00014,Samuelhaven Branch,REG004,9340 Smith Valley,West Ryan,TN,43780,+1-551-848-4656x482,2009-02-14
BRN00015,Byrdburgh Branch,REG004,8044 Russell Prairie Suite 777,New Thomas,MH,96964,(514)589-5134,1983-10-07
BRN00016,East Traceyland Branch,REG009,9367 Sanchez Shoal Apt. 163,Port Susan,NC,61390,7839172788,2006-07-25
BRN00017,Rivasside Branch,REG001,77434 Sims Harbor Suite 143,Matthewside,CO,18637,(936)823-1665,1979-08-06
BRN00018,Priceshire Branch,REG009,670 Evans Loaf,Medinaside,AS,79570,873.446.7065,2017-09-22
BRN00019,New Amanda Branch,REG004,901 Taylor Mountain Apt. 046,Jasonmouth,MA,50193,264-517-0805x310,1986-04-24
BRN00020,New Elijahberg Branch,REG009,193 Lyons Trafficway Suite 299,Port Loriport,CT,76350,3496663193,2018-03-16
BRN00021,Port Tonyaton Branch,REG007,651 Smith Manor Suite 165,Zimmermanchester,HI,96681,549.987.7694x53147,2004-06-19
BRN00022,Rogersfort Branch,REG004,73545 Beard Squares Suite 808,North John,MT,64539,+1-837-577-0143,1991-07-19
BRN00023,Thomashaven Branch,REG008,8557 Parker Fort Apt. 351,East Javier,NJ,36742,001-498-694-1343x5240,1978-10-10
BRN00024,New Kellyberg Branch,REG005,09477 Peterson Center Suite 711,Vasquezshire,SC,90475,8225941318,2014-07-20
BRN00025,Hayesmouth Branch,REG001,649 Chelsea Streets Apt. 334,East Johnside,CA,21018,6679974034,1980-01-12
BRN00026,West Kristin Branch,REG003,1832 Serrano Cliffs,East Laurashire,PW,38329,217.846.4887x719,2012-07-14
BRN00027,Anthonybury Branch,REG007,490 Thomas Run,Moonburgh,OR,57633,+1-671-875-6551x2567,2016-05-28
BRN00028,South Christopherview Branch,REG006,68087 Brown Path Suite 977,East Josephberg,LA,57925,001-371-509-3248x086,2025-02-28
BRN00029,South Staceyberg Branch,REG005,484 Davenport Mountains Apt. 782,Leehaven,WA,18393,946-458-4044,1998-06-04
BRN00030,Reedside Branch,REG003,5339 Hall Trail Suite 057,Hughesberg,NM,05353,(289)451-7187,1996-08-18
BRN00031,North Terrance Branch,REG004,9615 Finley Road Suite 809,East Crystalport,IN,98381,761-217-2400,1990-12-02
BRN00032,Ryanbury Branch,REG006,222 Chelsea Light Apt. 792,South Dana,NH,33967,+1-607-548-2175x94647,2025-07-05
BRN00033,Rodriguezfurt Branch,REG002,440 Hill Port Apt. 974,New Laurie,IN,83943,794.421.0470,1980-12-17
BRN00034,Markchester Branch,REG002,28588 Rivas Glens,Coffeyport,WA,44897,871-223-6851,1989-07-02
BRN00035,South Miguelview Branch,REG007,513 Johnson Points Suite 931,Blankenshipport,SD,54017,420-804-7113,1998-10-09
BRN00036,Matthewsberg Branch,REG002,179 Crosby Harbors Apt. 537,Sampsonstad,CT,90374,(285)206-4317x139,2015-02-04
BRN00037,East Kristin Branch,REG006,83933 Schroeder Turnpike,West Micheleberg,DC,71308,621-202-0539x502,1982-10-03
BRN00038,Foxland Branch,REG006,5891 Gordon Ridges Apt. 847,North Yolandafurt,NE,90429,477-611-5921,2007-02-18
BRN00039,Oscarhaven Branch,REG005,8961 Melissa Run Apt. 673,Morganmouth,MO,55025,001-815-365-4527x1111,2013-01-10
BRN00040,Lisaside Branch,REG001,885 Robert Well,Parrishton,LA,79197,351-698-3273x1585,2004-09-03
BRN00041,Bruceside Branch,REG008,402 Park Inlet,Michaelburgh,VI,19277,001-861-920-1836,1993-03-31
BRN00042,Larrymouth Branch,REG009,22901 Ramos Manors,Lawsonchester,KY,28756,001-281-256-1497x84036,1986-07-24
BRN00043,Port Derrick Branch,REG002,5107 Thompson Light Apt. 885,South Michelleton,NE,02957,715.496.9664x160,2015-10-22
BRN00044,Collierstad Branch,REG007,1369 Warren Locks,Juliebury,MA,22538,581-388-3552,1983-09-20
BRN00045,East Carrie Branch,REG002,77997 Lin Road,Edwardland,NJ,58462,+1-744-690-5814x7700,1980-04-21
BRN00046,New Brookefurt Branch,REG009,807 Marc Mountains Apt. 071,Toniland,NY,85190,(703)777-8892,2021-07-09
BRN00047,Ortizmouth Branch,REG005,515 Angela Lights,Johnathanberg,MA,11183,001-825-746-2914,2016-05-21
BRN00048,Lake Ellenhaven Branch,REG006,54235 Lee Dam Apt. 141,Lake Matthewberg,PA,49878,(522)992-7065,2006-06-18
BRN00049,Youngbury Branch,REG004,3597 Hammond Tunnel Suite 886,Port James,PA,18641,907-458-1814x124,2017-04-06
BRN00050,East Lisastad Branch,REG002,0685 Paul Common,Jeffreymouth,CT,94178,+1-252-620-4727x7901,1987-02-10
BRN00051,New Shelby Branch,REG001,43410 Robert Underpass Suite 117,Lake Zacharybury,VT,19319,260-895-3962x1851,2019-05-03
BRN00052,Lake Paulstad Branch,REG004,051 Allen Shoals Apt. 952,West Amyburgh,MP,90243,772.621.7043x030,2001-10-18
BRN00053,Kingborough Branch,REG005,0541 Kim Locks Suite 652,Holtstad,AS,68563,716-616-9284x511,1991-07-25
BRN00054,Jacksonmouth Branch,REG002,0596 Fowler Turnpike Apt. 165,North Douglas,PA,89379,902.713.5569x092,1994-10-09
BRN00055,New Devinstad Branch,REG004,4310 Victor Loaf Apt. 447,New Justin,PW,64883,712.317.2715,2003-06-29
BRN00056,Patriciaburgh Branch,REG002,8313 Joel Park,West Angelastad,NH,72806,(891)314-6786,1982-09-07
BRN00057,Dawnmouth Branch,REG007,852 Katrina Curve Suite 801,West Fred,MD,93474,458.641.4384,2006-08-25
BRN00058,New Danielleshire Branch,REG005,99590 Christopher Row,Debrashire,MT,81517,+1-407-984-4736x4710,1996-11-27
BRN00059,Harrisberg Branch,REG008,556 Kathleen Passage Apt. 537,West Shannonberg,CT,07133,969-963-2595x3278,2019-08-13
BRN00060,Johnsonfurt Branch,REG006,39500 Simpson Ville Suite 480,South Dennisview,VA,48444,001-965-606-0983x58416,2016-12-24
BRN00061,East Theresafurt Branch,REG003,8523 Porter Cape Apt. 257,Hernandezhaven,DC,43488,+1-652-969-4958x887,2016-07-06
BRN00062,Markville Branch,REG006,409 Baker Shoal Apt. 097,New Cristina,RI,50333,(830)491-3075,1996-10-11
BRN00063,South Warren Branch,REG006,028 Ann Shore Suite 865,South Rhonda,MA,72102,(549)973-3484x344,1992-01-29
BRN00064,Annview Branch,REG004,98665 Kelly Heights Apt. 574,Lewisside,KY,74165,001-242-319-9330x833,1996-10-17
BRN00065,Garciaberg Branch,REG005,267 Santos Throughway,Manuelton,PW,12226,+1-293-280-2620x6724,1991-03-02
BRN00066,West Justinside Branch,REG002,87431 Martin Mount Suite 205,Ashleyborough,HI,80580,+1-266-685-1612x2753,1995-05-04
BRN00067,Molinamouth Branch,REG003,904 Schwartz Circle Apt. 742,Parksport,UT,15890,+1-945-593-3272x7956,2013-11-15
BRN00068,New Seanstad Branch,REG009,108 Ashley Drive,West Melissa,NV,15736,+1-239-971-8707x28679,2009-07-04
BRN00069,Jenniferfurt Branch,REG004,39106 Graves Plains Apt. 170,Robertberg,WI,84586,001-865-467-6618x2512,2012-03-16
BRN00070,Port Adam Branch,REG003,7868 Morrow Gateway,Reedview,ID,95531,001-210-569-0331x19079,2012-10-29
BRN00071,Gonzalesside Branch,REG008,28439 Ray Trail,Joelberg,TN,68822,964.240.8926,2024-03-08
BRN00072,Floydmouth Branch,REG007,2462 Allen Fork Suite 270,Faulknerside,NC,18076,(834)235-1751x8304,2019-05-08
BRN00073,Port Kathleen Branch,REG005,3540 Sharon Streets,Lake Yvonnefort,PW,32298,001-693-663-8546x785,1994-03-02
BRN00074,Owensfort Branch,REG009,55609 Joyce Brook Suite 899,Phillipsborough,MA,30650,(493)978-5477x7252,1985-07-24
BRN00075,New Arthurland Branch,REG004,62312 Jeffery Motorway,Brucefort,TN,64445,6082860084,2001-02-24
BRN00076,Drakeburgh Branch,REG006,82339 Ochoa Grove,Millerfurt,NH,74556,934.210.1666,2007-09-29
BRN00077,North Vincent Branch,REG001,591 Jerry Ways Suite 401,Rachelshire,TN,04813,(450)539-2614,2004-04-23
BRN00078,Rhodesside Branch,REG004,2185 Connor Fort Apt. 599,Novakmouth,AK,83616,677-535-8662x961,2011-06-26
BRN00079,West Ericberg Branch,REG001,5110 Wallace Trace Suite 121,South Shane,OH,67667,(810)315-8199x56046,2012-01-22
BRN00080,New Adriana Branch,REG006,24447 Bryan Mews Suite 647,West Johnathanbury,VA,82425,799.937.1240x6596,1992-12-11
BRN00081,West Malik Branch,REG007,5265 Navarro Roads,Faulknerbury,MD,49791,565-919-3982x807,2015-08-18
BRN00082,Port Melaniechester Branch,REG005,43426 Jones Rapid Suite 968,Stephensstad,UT,70874,+1-311-235-2909x656,1981-05-17
BRN00083,New Julie Branch,REG002,5679 Michael Burg,Garciachester,PW,11754,725-945-7387,1981-04-30
BRN00084,Floresport Branch,REG004,105 Erica Expressway,New Greg,GA,43884,+1-267-536-2266,1998-07-28
BRN00085,Priceborough Branch,REG006,1918 Michael Flat,Wilsonfort,NC,84270,396-496-9155x79249,1991-11-21
BRN00086,West Daryl Branch,REG004,286 Carlson Ports Suite 627,New Garrett,LA,18889,(557)890-5072,2023-10-08
BRN00087,Ortizfort Branch,REG008,772 Ariana Underpass Apt. 404,New Keith,WI,60443,001-778-281-9148,2013-10-13
BRN00088,Paynechester Branch,REG007,340 Baker Wall,South Michelleville,WI,31557,595.296.2923,2004-06-23
BRN00089,Candiceburgh Branch,REG008,449 Farley Passage Apt. 260,Michelleberg,UT,17893,825.836.7294,1998-09-09
BRN00090,South Zacharyview Branch,REG003,7590 Jessica Mount Suite 186,South Mallory,NM,35698,345-489-2975x00170,1998-03-02
BRN00091,South Jamesberg Branch,REG005,41541 Beck Run Apt. 064,South Diana,VT,12976,2372129387,2010-08-17
BRN00092,Port Robertberg Branch,REG003,36111 Richardson Hills Apt. 622,New Annaburgh,NV,46531,001-732-869-7311x2196,1991-12-15
BRN00093,East Joshua Branch,REG004,89994 Melanie Shoals,Jamiehaven,ID,98522,(740)737-6137x9180,1983-01-04
BRN00094,Diazburgh Branch,REG009,09104 Bill Circle Suite 848,Hendersonfurt,CO,84457,+1-589-424-1418,2002-10-29
BRN00095,Willisland Branch,REG009,630 Christopher Mews Apt. 799,West Elizabethburgh,DE,02161,001-620-327-5884x252,2014-05-05
BRN00096,West Lindsayview Branch,REG005,9177 Brown Walks,West Eric,WI,13988,001-913-780-0030,1995-04-23
BRN00097,East Sarah Branch,REG007,635 Robert Stravenue,Josephland,OK,49365,980-623-8061,2014-06-12
BRN00098,Markside Branch,REG007,53494 Steven Ramp Suite 383,North Sarah,AK,31040,+1-550-850-6413,2000-08-26
BRN00099,East Jenniferland Branch,REG006,86571 William Route,Jonesshire,AR,57515,+1-423-344-5655x74313,1984-02-28
BRN00100,South Steven Branch,REG004,85374 Baker Crest Apt. 249,East Marymouth,FL,12456,001-535-368-0442x067,1999-03-08
BRN00101,North Alexander Branch,REG003,36519 Lowery Club,North Jamesmouth,AS,17381,851-907-0296,1977-12-27
BRN00102,Thompsonborough Branch,REG009,4720 Deborah Parks,Andradefort,AR,11998,962-763-8380x657,2021-04-06
BRN00103,Paulburgh Branch,REG008,9304 Lindsey Mountains,Katiebury,GA,13625,434.480.3965,1988-02-19
BRN00104,Lindastad Branch,REG002,599 Anna Field,Weaverburgh,NM,05476,703-593-0870,2016-01-22
BRN00105,Jennifermouth Branch,REG001,29218 Yu Landing,Willismouth,ME,42785,(526)475-2895,1995-01-31
BRN00106,Davidtown Branch,REG002,029 Mccall Ridge Apt. 917,West Julie,IA,45958,221-857-0433x15410,1998-01-06
BRN00107,Costachester Branch,REG003,5861 Kramer Ports Apt. 271,West Andrewview,CT,10226,826-421-8159x97062,1979-03-03
BRN00108,Jamieborough Branch,REG003,884 Evans Court Apt. 698,Hernandezstad,AL,56548,649-373-1032,1999-10-01
BRN00109,West Kristenfort Branch,REG007,418 Lopez Light Suite 270,Scottview,IN,35701,001-502-211-5869,2017-09-27
BRN00110,Sheppardfort Branch,REG002,4160 David Throughway,Thompsonburgh,IL,25761,(706)316-3294,1980-10-22
BRN00111,Arnoldview Branch,REG007,99861 Hernandez Port Apt. 191,Mikaylastad,FM,54357,867-299-7024x629,1995-12-09
BRN00112,Hannahton Branch,REG007,5054 Ramirez Overpass Apt. 324,Schroedermouth,KY,96026,(691)837-3678x50821,1983-03-11
BRN00113,East Jamesborough Branch,REG008,07053 Richardson Mountain,Reidville,TX,04506,757.797.2798,1984-07-22
BRN00114,Kaitlynland Branch,REG009,60293 Deborah Springs Apt. 468,Port Kimberlytown,NJ,17843,+1-629-503-4944x6657,1999-05-31
BRN00115,Silvatown Branch,REG005,994 Cohen Orchard Apt. 545,Joseport,ID,20152,230.596.5207x44666,1993-05-11
BRN00116,Lake Amanda Branch,REG009,584 Mary Wells Apt. 417,Lake Jonathan,AS,73774,001-925-313-5346x55494,1999-08-07
BRN00117,South Pamelahaven Branch,REG001,684 Brown Walk,East Victoria,MA,54134,001-772-252-1752,1976-10-10
BRN00118,Jasonburgh Branch,REG002,1296 Powell Neck,Smithside,ID,96269,(305)883-0033x542,2001-03-16
BRN00119,Garyton Branch,REG009,7898 Hamilton Spur Apt. 575,East Stacy,PW,53374,3337230982,2011-05-22
BRN00120,South Nancyview Branch,REG005,010 Hannah Mall,Jamesside,KS,62681,001-823-304-6184x992,2001-08-11
BRN00121,West Danielville Branch,REG006,93483 Warner Hill Apt. 087,Lake Sarah,MA,31238,3013197218,2020-11-15
BRN00122,South Vanessa Branch,REG002,7012 Melissa Lake Suite 611,North Melissaburgh,MA,47362,894.915.5216x674,2015-09-26
BRN00123,North David Branch,REG005,16979 White Light,Cherylberg,NJ,64480,567-701-4508,2001-12-23
BRN00124,South Dorothybury Branch,REG007,6289 Alexander Estate Suite 721,Floresmouth,KY,07100,738.366.3177x97177,2024-08-05
BRN00125,North Richardton Branch,REG003,99488 Diamond Motorway,Michaelton,GU,29719,758.799.7571x130,2017-03-16
BRN00126,Amystad Branch,REG008,27261 Carr Field,Port Philipmouth,GU,25480,001-951-260-9177x982,2002-07-13
BRN00127,New Savannahshire Branch,REG001,292 Dale Shoals Suite 866,West Raymond,MA,39058,522.669.8485x833,2010-03-09
BRN00128,Lake Debra Branch,REG005,851 Hart Prairie,Craigside,LA,55864,6814062003,2024-09-25
BRN00129,Dwayneton Branch,REG009,80571 Julia Points Suite 384,South Paulmouth,OH,07552,5435973598,1990-12-16
BRN00130,Lake Charles Branch,REG003,816 Roy Point,Davidshire,PR,33926,6579202590,2015-04-01
BRN00131,Charlesmouth Branch,REG009,81826 Davis Forges,Lake Martin,MN,38980,598.578.0157,2023-07-12
BRN00132,Patrickville Branch,REG002,8408 Robertson Pass Suite 704,West Willie,CT,22441,001-288-901-3361x38612,2011-09-02
BRN00133,North Charlesburgh Branch,REG005,193 Russell Mission Suite 650,Nunezside,AL,84573,001-691-990-1581x4491,1995-03-26
BRN00134,South Ericbury Branch,REG009,684 Kenneth Underpass,Susantown,OH,73255,(310)609-9688,1986-11-02
BRN00135,Jasonhaven Branch,REG004,23943 Howard Union,Port Karenside,NH,84999,+1-714-714-1397,1982-10-29
BRN00136,North Justin Branch,REG003,57759 Steele Drives,Lindseychester,GA,01134,333-464-5257x77547,2008-03-04
BRN00137,Port Juanberg Branch,REG006,1108 Lisa Prairie,Hammondborough,PW,05305,+1-648-487-2563,1999-04-25
BRN00138,South Michaeltown Branch,REG003,282 Moore Port,Lake Jessica,MI,05798,773.814.5303,1999-07-23
BRN00139,Keithton Branch,REG009,84498 Nicholas Lane Suite 918,Nicholasbury,NC,53695,(657)579-0827x231,1983-11-27
BRN00140,West Carolyn Branch,REG009,365 Timothy Neck,Clarkburgh,SD,54358,2304299228,1979-04-14
BRN00141,Sandrahaven Branch,REG001,904 Jay Rest Suite 723,Burkeshire,GU,24340,+1-484-325-7991x366,1977-05-10
BRN00142,Serranoville Branch,REG006,9908 Christopher Shoals,New Amber,AL,89441,+1-368-865-0863x7659,1983-02-07
BRN00143,Cannonland Branch,REG008,864 Adam Summit Apt. 981,South Diamondmouth,MT,47984,726-694-4869,2025-02-20
BRN00144,Fischerchester Branch,REG001,58874 Lane Trail Suite 213,Loganburgh,CT,28610,365.389.0260x12796,1989-06-08
BRN00145,Christopherton Branch,REG002,9849 Sonya Viaduct Apt. 770,Port Diane,AS,68416,430-398-8392x0530,2025-05-21
BRN00146,Gomezfurt Branch,REG006,380 Samantha Plaza Suite 895,Sylviaview,IN,79978,376.390.4268,2001-03-13
BRN00147,Staceyhaven Branch,REG005,947 Hart Trail Apt. 577,South Darrenland,MS,83556,535.665.8804,1981-02-06
BRN00148,Charlesburgh Branch,REG004,5394 Stacey Springs Apt. 733,Port Joseph,IN,27078,295.221.1179,2018-02-03
BRN00149,Christinefort Branch,REG001,2846 Karen Crossroad Apt. 867,New Michaelburgh,NH,16277,001-687-450-0369x155,2003-06-04
BRN00150,West Thomas Branch,REG004,2763 Haynes Landing Suite 647,New David,OK,90417,414.938.6632,2016-01-08
BRN00151,South Victor Branch,REG002,4489 Raymond Spurs Apt. 034,Combsville,NV,98096,445-658-8450x61593,1993-12-11
BRN00152,Hamptonmouth Branch,REG002,9472 Danielle Junction,Welchshire,MO,09852,825-635-5449,2020-01-15
BRN00153,Juliehaven Branch,REG008,2202 Ebony Summit Apt. 326,North Calebfort,OH,07556,8686114921,1987-10-13
BRN00154,Scottberg Branch,REG002,200 Dalton Islands,Mcdonaldside,KY,72399,728.929.9796x884,2002-12-26
BRN00155,South Kylechester Branch,REG009,40082 Mitchell Place Apt. 774,Port Russellport,PA,30806,4858368663,2017-02-18
BRN00156,West Christian Branch,REG003,944 Gutierrez Walk,East Derrickville,SC,60183,+1-474-397-3502x080,1990-05-14
BRN00157,Lake Samuel Branch,REG003,12073 Fisher Turnpike,Boltonmouth,UT,04660,312-504-6187x23460,1995-05-26
BRN00158,Wrightton Branch,REG008,1837 Maldonado Inlet,Ericton,WA,72535,414.674.3503x13650,2005-03-11
BRN00159,Mccormicktown Branch,REG009,792 Townsend Gateway,South Christopher,RI,44858,001-500-252-8127x35857,2010-04-25
BRN00160,Jenniferview Branch,REG003,7848 Lopez Ferry,Mariomouth,KY,78971,+1-721-982-7448,1976-07-30
BRN00161,Grosstown Branch,REG005,351 Lee Springs Suite 829,Marcusmouth,DE,13117,910.622.0317x31096,1978-12-13
BRN00162,New Jennifer Branch,REG009,71705 Short Underpass,Port Christinahaven,AZ,96747,841-538-1138,1986-01-03
BRN00163,New Colleen Branch,REG007,861 Craig Squares,Andradeburgh,WY,24145,+1-768-752-8975,2017-12-09
BRN00164,Duranchester Branch,REG004,398 Nicholas Plaza Suite 577,Smithton,LA,78588,2826404335,2021-07-30
BRN00165,North Benjamin Branch,REG009,24593 Jonathan Hills Apt. 969,Lake Chris,MD,63747,(379)219-4096,2021-09-17
BRN00166,Michaelchester Branch,REG004,39060 Warren Island Apt. 583,North Emily,MO,58908,001-299-881-3646x22517,1989-05-29
BRN00167,Shawberg Branch,REG005,8376 Ann Street,East Charles,WI,56870,491-716-6553x55904,2006-09-26
BRN00168,Hansonmouth Branch,REG007,35211 John River,Port Marissa,LA,02301,914-477-0538x33884,2010-08-07
BRN00169,South Brandyhaven Branch,REG006,2043 Brown Shoal,North Paulview,TN,87021,(310)446-3681x579,1986-04-16
BRN00170,Castrotown Branch,REG008,84576 Andrew Spur,Michaelport,IA,66201,304-860-8432x562,2002-01-21
BRN00171,South John Branch,REG009,4957 Jamie Dam,Port Devin,UT,92924,226.729.2518x81252,2019-09-01
BRN00172,Aliport Branch,REG008,423 David Burg Suite 999,New Jesse,TX,03919,(417)428-9752x677,1986-01-05
BRN00173,South Kathytown Branch,REG002,3331 Sara Mill Suite 573,Sullivanton,PA,96882,(256)599-9880x8177,2001-12-16
BRN00174,Terrellton Branch,REG004,034 Sanders Hollow Suite 726,Christieton,UT,68261,(477)818-1298,1996-10-22
BRN00175,Johnsonmouth Branch,REG004,1452 Christopher Squares,Waltersland,NC,93205,(489)426-8602x5922,2014-03-25
BRN00176,South Kylemouth Branch,REG002,212 Adam Track Suite 077,Stephenstown,PA,65180,239.577.6719,2019-10-08
BRN00177,Christineside Branch,REG006,22050 Melissa Shores,Markland,AR,14773,(622)749-9982x79501,1994-08-08
BRN00178,Wilkinschester Branch,REG001,7214 Rose Pine,Lake Jason,AR,14827,001-681-779-4695,2021-12-20
BRN00179,Stonefort Branch,REG009,93430 Andrew Road Apt. 396,Williamsstad,OH,84059,703.244.1448,1982-02-14
BRN00180,Matthewshire Branch,REG004,35577 Debbie Orchard,Lake Steven,VI,70882,776-308-4958x80395,2024-01-20
BRN00181,Marymouth Branch,REG004,829 Lopez Crescent Suite 504,Millerbury,MN,59733,938-442-1503x1780,1985-11-12
BRN00182,Oconnorhaven Branch,REG001,2182 Jenny Mount Suite 810,Sarahland,MA,61695,5185409435,1990-08-02
BRN00183,Kendraville Branch,REG002,24109 Jamie Keys Suite 424,East Charles,RI,44900,+1-270-320-7016,1997-06-10
BRN00184,Lake Caitlin Branch,REG001,545 Jennifer Skyway Apt. 792,Port Leahmouth,CT,60215,977-933-2945x6255,1978-01-10
BRN00185,Rodriguezfort Branch,REG004,45992 Richard Station Apt. 581,Amandafurt,OR,54691,593.882.7615,2014-12-22
BRN00186,Bradleymouth Branch,REG002,19719 Nguyen Court,Thompsonfurt,CA,78916,296-457-0132,2008-12-04
BRN00187,Schmidtfurt Branch,REG001,35494 Robbins Key Apt. 909,Abbottport,AR,48895,+1-800-885-1403,2007-03-06
BRN00188,Sullivanchester Branch,REG006,272 Angela Ville,Maryberg,LA,88327,(320)410-2762,2008-01-05
BRN00189,Daltonchester Branch,REG002,8687 Kelly Ferry,Jacobsshire,NM,96303,984.768.9500,1982-02-02
BRN00190,Nixonland Branch,REG009,847 Alexandra Ridge,East Thomasland,TX,83559,+1-994-990-5807,2004-08-31
BRN00191,Robertport Branch,REG004,09494 Crystal Prairie Apt. 904,West Toddberg,NY,10575,442-994-4401x929,1994-08-30
BRN00192,West Kimberly Branch,REG005,2805 Tammy Ranch,Port Tyler,MT,50723,272.439.5041,1999-04-13
BRN00193,Turnerside Branch,REG008,6742 Smith Union,Reyesmouth,NC,90006,6183569454,1989-01-20
BRN00194,Murraybury Branch,REG004,525 Emily Village,North Roberthaven,CT,90350,553.344.3009x109,2011-03-28
BRN00195,North Melissaberg Branch,REG009,921 Jon Mountain Apt. 746,Jonathanland,KY,08678,(465)904-4271x7396,1981-11-09
BRN00196,Robinsonville Branch,REG003,410 Chad Stream Suite 707,Lake Danielle,AZ,87612,(542)256-9087x7661,1995-05-19
BRN00197,Martinezside Branch,REG008,4601 Nichols Junctions Apt. 743,New Benjamin,MS,87104,446.215.7173,1986-01-02
BRN00198,South Paul Branch,REG004,8700 Brown Turnpike Apt. 613,Bentleyside,FL,97632,001-231-502-7079,2010-11-27
BRN00199,North Gerald Branch,REG008,1792 Lisa Coves,South Brookebury,CA,27061,(356)351-9825x30925,1989-12-18
BRN00200,Jacksonstad Branch,REG007,3902 Kylie Roads,Stricklandtown,FM,64328,400-521-9467,1983-07-22
BRN00201,Alexandrachester Branch,REG004,90927 Courtney Tunnel,Michaeltown,OH,31386,918.519.5883,1990-02-01
BRN00202,North Laura Branch,REG002,2200 Mitchell Mews Suite 597,North Joyside,HI,21216,7788113799,1986-04-13
BRN00203,Jerryville Branch,REG002,13636 Charles Prairie Suite 062,New Spencer,MS,49454,(273)654-3520,1983-03-26
BRN00204,Ellisburgh Branch,REG007,49292 Christopher Walks Suite 397,Ramirezchester,WA,32830,856.293.9290,1978-07-04
BRN00205,Quinnhaven Branch,REG006,8671 Simpson Corner,Lake Jessicaborough,DC,47477,431-807-4279x9077,1985-08-09
BRN00206,Courtneytown Branch,REG007,5804 Mullins Square,Port Gail,RI,44501,001-408-350-1657x9055,2004-01-08
BRN00207,East Tina Branch,REG007,179 Karen Trace,West Michael,KY,66504,+1-664-901-5577x88178,2006-12-20
BRN00208,East Patriciamouth Branch,REG008,62411 Joshua Square,South Edward,IL,68748,+1-304-268-2756x7043,2019-04-05
BRN00209,Port Stacey Branch,REG001,9557 Ellis Port Apt. 424,South Nathan,LA,06703,(454)472-9284,2017-09-01
BRN00210,East John Branch,REG002,9274 Lopez Points,Lake Loganstad,FL,49379,482.284.1067x275,2024-01-29
BRN00211,Deborahport Branch,REG001,9297 Norris Street Suite 028,West Angelbury,NV,47345,550-293-9834,1980-08-21
BRN00212,Rhodesland Branch,REG007,75998 Rebekah Lake Suite 265,Watsonport,MI,46553,378-413-7674x2662,1986-09-22
BRN00213,Mcneilhaven Branch,REG006,96106 Perry Point Suite 923,Port Patrick,OH,64803,2494478730,1989-05-31
BRN00214,Martinezport Branch,REG002,73014 Gamble Cliff Suite 979,Oneillfort,UT,16175,(789)404-2902x572,1979-02-19
BRN00215,Robertstad Branch,REG004,4818 Katie Falls,New Karenside,MD,41947,+1-944-851-8952x02845,1993-03-21
BRN00216,North Jeffery Branch,REG004,89888 Robert Club,Port Davidtown,NJ,46141,452-579-8524x0132,1991-08-10
BRN00217,East Tina Branch,REG004,110 Todd Canyon Apt. 108,South Davidview,AZ,09184,601-719-3932x5012,1993-10-20
BRN00218,New Ashley Branch,REG009,083 Tamara Extension,Lake Coreyborough,PW,66586,001-575-892-7125x663,1982-01-27
BRN00219,Davidville Branch,REG008,5480 Mark Crescent,Campbellport,TX,58691,486.246.3175,2025-06-24
BRN00220,Powersfurt Branch,REG003,112 Morales Ramp Apt. 215,West James,PR,53491,736-974-9946,2009-03-17
BRN00221,Archerhaven Branch,REG007,71147 Hall Dale Apt. 101,Gregoryburgh,MS,79745,+1-952-649-9118x77347,2003-02-14
BRN00222,Port Anthonychester Branch,REG003,7567 Johnson Fall,Nicoleburgh,NM,56951,(946)971-9788,2004-02-04
BRN00223,New Brian Branch,REG005,9695 Flores Burgs Apt. 255,Port Patriciamouth,MS,13260,(355)765-0333x49114,1984-11-11
BRN00224,Benjaminchester Branch,REG008,0790 Gray Loaf Suite 917,Lake Emilymouth,NM,66399,001-252-694-5637x18344,2025-05-10
BRN00225,Ballardland Branch,REG004,541 Simmons Key,Lake Madisonhaven,AS,39810,(485)936-6498x78208,1986-12-24
BRN00226,Adamsside Branch,REG002,083 Ford Garden Apt. 466,Michelleland,SC,27181,(644)924-9363x12303,2000-04-29
BRN00227,Hendersonton Branch,REG008,42044 Dawn Canyon,Caseyton,VI,11501,694-916-5162x31981,2019-11-20
BRN00228,New David Branch,REG009,9636 Drew Extensions Apt. 476,Michelleton,NM,70423,(615)286-7342x575,2008-03-02
BRN00229,Port Joditon Branch,REG002,8645 Amanda Freeway,Pricefurt,PW,33994,913-843-2756x0417,2021-12-09
BRN00230,Jenniferville Branch,REG001,481 Fisher Stream,Shawntown,WV,07329,+1-527-420-6345x9112,2018-01-16
BRN00231,Sparksmouth Branch,REG009,2429 Marsh Flat Apt. 652,Waltershire,IN,03218,2898317342,2006-10-28
BRN00232,Edwardstad Branch,REG001,108 Ayala Motorway,Wilsonborough,ID,35392,476-226-3934x3626,1990-10-06
BRN00233,Joemouth Branch,REG002,9710 Anderson Islands,Mcdanielfurt,VT,55982,001-294-211-8005x3759,1988-12-21
BRN00234,Turnerfurt Branch,REG004,80924 William Junction Suite 215,Thomasville,MD,06289,(774)856-4494,2020-04-13
BRN00235,Jillianfort Branch,REG003,703 Brian Falls,South Jorgemouth,NE,15708,507.658.7771x2151,1985-05-25
BRN00236,Lake William Branch,REG007,939 Alicia Ports Apt. 613,Rhodesmouth,AK,37762,+1-216-759-1520x17774,2024-01-23
BRN00237,Nguyenshire Branch,REG008,04501 Davis Glens,East Tammy,VI,52787,603-926-6421,2015-10-18
BRN00238,Rebeccaberg Branch,REG008,158 Tracy Loaf Suite 499,Davischester,AS,48766,+1-326-661-0857x327,1999-06-27
BRN00239,Port Timberg Branch,REG004,438 Phillips Causeway,North Williamhaven,NE,54636,279-345-4918,2012-10-29
BRN00240,Whiteburgh Branch,REG007,16459 Todd Mission Suite 523,North Julie,PA,34490,+1-916-680-0610x27769,2006-11-06
BRN00241,Hannahfurt Branch,REG001,22031 Heather Field Apt. 372,South Megan,PR,71094,414.472.7601,2012-09-28
BRN00242,Maynardfort Branch,REG003,9334 Williams Branch,Lake Melaniechester,MT,65473,001-599-284-0767x8997,2002-06-06
BRN00243,Rayside Branch,REG007,6717 West Mews,East Keithborough,NJ,45569,738.939.5972x466,2015-09-24
BRN00244,New Jared Branch,REG001,722 Eric Overpass,Port Robertfort,ME,31266,280.305.4522,1993-02-03
BRN00245,New Jeremyside Branch,REG007,4550 Kemp Walk,Lake Brentmouth,AS,60418,001-411-699-1808x12135,2011-03-30
BRN00246,Oconnorville Branch,REG005,552 Melinda Mill,Hammondtown,IA,62585,448-821-4565x32863,1996-10-19
BRN00247,Villanuevahaven Branch,REG008,72081 Matthew Locks Apt. 606,Lake Sandraberg,MH,75809,2846668455,2020-08-26
BRN00248,Lake Richard Branch,REG005,997 Barron Tunnel,Roweport,CO,05346,+1-656-728-8431,2013-08-21
BRN00249,North Anthony Branch,REG007,46810 Green Parkways Suite 101,Evanstown,NH,44931,499.889.3544,2002-01-02
BRN00250,North Mark Branch,REG009,7126 Miller Circle,Beasleyfort,IL,58980,958-869-8864,2025-05-15
BRN00251,Dennischester Branch,REG008,82772 Heather Motorway,Johnsonburgh,OH,48910,496-311-5940,1994-09-29
BRN00252,Kevinfort Branch,REG003,29604 Lewis Viaduct,Smithside,MI,09356,9674949756,2013-11-16
BRN00253,Gillmouth Branch,REG004,519 Hughes Locks,Ambermouth,WA,36857,+1-212-509-4818x1398,2013-04-26
BRN00254,North Dominiqueside Branch,REG005,43397 Lindsay Rest,Richardton,NM,03550,662-460-8564x11182,1985-06-30
BRN00255,East Kristopherchester Branch,REG004,95200 Price Island,South Patricia,KS,49720,803-339-9378,1989-09-27
BRN00256,Stevenchester Branch,REG001,0630 Spencer Radial,East Kathrynberg,ME,74982,(271)283-2582x38687,2016-05-12
BRN00257,Deniseburgh Branch,REG009,74946 Kirby Forest,Brandonside,OK,09667,616-912-8463x9855,1989-12-02
BRN00258,Matthewmouth Branch,REG001,20970 Emily Loop Suite 681,New Anthonymouth,TX,16677,(269)556-2017x537,2012-12-15
BRN00259,Erinstad Branch,REG006,94337 Johnson Park,North James,GU,84182,(314)498-7283x9992,2013-02-03
BRN00260,West Sarah Branch,REG001,430 Becker Motorway,South Danielleton,PR,42837,(964)718-7758x03046,1976-10-18
BRN00261,West Christopher Branch,REG001,361 James Isle,Bryanville,AK,63411,(309)954-3173x50583,2013-12-25
BRN00262,Rileyland Branch,REG008,65120 Brown Ridge,Joneston,OH,07343,866-319-6399x0767,1993-03-08
BRN00263,South Zacharyshire Branch,REG009,10919 Rebecca Crossroad,Michaelfort,VA,81877,623.420.0249x685,1983-10-08
BRN00264,Carrieport Branch,REG009,89203 Robert Flat Apt. 315,Lake Thomas,UT,61764,+1-259-995-9465x217,1987-04-18
BRN00265,Lake Jeffreybury Branch,REG003,337 Aguirre Lane Apt. 620,Alejandrostad,AK,73205,524-573-9500,1990-06-19
BRN00266,West Jennifer Branch,REG001,323 Gregory Greens Apt. 026,West Sharonport,NH,31977,(852)789-6112x233,1992-02-15
BRN00267,Rowlandbury Branch,REG009,938 Clarke Islands,North Crystal,KY,17076,997.431.7912x86857,1992-04-24
BRN00268,Aliciafort Branch,REG002,4969 Jamie Flats Suite 363,Ronaldfurt,OK,21106,(248)912-1478x539,2001-08-23
BRN00269,Ronaldmouth Branch,REG003,5754 Johnson Mills Apt. 415,West Meganhaven,ND,84866,543-711-1508,1986-03-07
BRN00270,Johnview Branch,REG002,928 Smith Hills,Lynnfurt,MO,76516,001-907-982-6333x73898,1993-03-27
BRN00271,West Meganchester Branch,REG002,77805 Barbara Crossroad Suite 075,Jeremiahchester,TX,99149,(884)859-0902x2599,1986-07-20
BRN00272,Brownfurt Branch,REG004,1597 Davis Cove,North Margaret,PA,64544,3239164334,1979-05-12
BRN00273,East Markchester Branch,REG007,12867 Paul Way Apt. 234,Meyersfort,GA,79630,001-449-938-7430,1979-09-05
BRN00274,Jacobsbury Branch,REG002,777 Jo Heights Suite 546,South John,MH,81468,001-667-362-9160x3248,2010-09-30
BRN00275,South Robert Branch,REG004,1185 Hayes Glen,New Bradley,AK,10094,+1-976-956-3600x4125,1999-02-24
BRN00276,New Dianemouth Branch,REG001,4220 Gregory Crossing,Jacksontown,TX,36316,(275)323-0837,1995-09-07
BRN00277,Scotttown Branch,REG002,3353 Christopher Manor,North Matthewborough,TX,88181,731-722-0681,2004-01-31
BRN00278,New Jamie Branch,REG007,1331 Morris Bridge Suite 506,South Jeffrey,TN,36998,+1-495-601-3649x7189,2023-07-14
BRN00279,Tinafurt Branch,REG009,2571 Smith Prairie,Reyesbury,NY,77501,001-203-409-1436x391,1994-11-23
BRN00280,Jamesfurt Branch,REG006,039 Stevenson Isle,West Lonnie,WY,05692,864.703.5533x80339,1985-07-15
BRN00281,North Mollyland Branch,REG005,23212 Joel Common,Hardyport,GA,95092,936.529.3449,1989-11-12
BRN00282,Millerstad Branch,REG004,2776 Wolf Viaduct Suite 066,Port Rebeccaport,PA,70912,(882)946-7474,1980-01-26
BRN00283,Lake Taylor Branch,REG006,00857 Frost Locks,Patrickport,SD,77611,660-716-9236,2001-07-06
BRN00284,Reidstad Branch,REG004,663 Tim Via,Crystaltown,UT,87752,+1-324-897-2439x9201,1996-01-11
BRN00285,New Reneechester Branch,REG005,4488 Willis Street,Goodwinland,CT,83886,001-952-243-6402,1981-04-16
BRN00286,Warrenport Branch,REG007,25223 White Creek Suite 932,North Karen,AS,25651,367-791-2141x614,1977-12-30
BRN00287,South Todd Branch,REG003,04090 Jason Turnpike,South Carrieview,NM,62528,001-759-765-5553x56690,2016-01-19
BRN00288,South Monicafurt Branch,REG005,91843 Hayes Spur,Robertsonborough,AL,84134,905-305-7397x69156,2012-07-09
BRN00289,Catherineberg Branch,REG008,71487 Peggy Crescent,Batesbury,IA,28241,(511)660-2564,2009-03-04
BRN00290,Lake Derekside Branch,REG006,53991 Bennett Stravenue Suite 863,West Darrell,CO,15100,859-231-9525,1991-10-10
BRN00291,Port Paul Branch,REG002,5289 Daniel Branch Suite 524,South Erin,FL,79336,620-895-4814x9737,1979-06-05
BRN00292,Ericborough Branch,REG001,027 Evans Via,North Amy,MA,55870,+1-775-266-1844x38612,2018-03-08
BRN00293,Stephenburgh Branch,REG008,7423 Linda Flat,West Jessicashire,CT,89409,(266)320-1572,2024-07-29
BRN00294,Brittneyberg Branch,REG002,01367 Watts Extensions Suite 176,Cynthiamouth,MN,02021,911-617-8309,2010-07-14
BRN00295,Port Brittanyfurt Branch,REG002,649 Cory Circles Apt. 606,Brownshire,ND,94053,+1-413-512-9208x7510,2008-07-09
BRN00296,New Jonathanton Branch,REG009,84582 Rowland Shoals,East Kevinhaven,MH,38957,+1-287-529-7585x98831,1978-05-06
BRN00297,West Melissa Branch,REG004,98395 Anderson Road,Jonesview,KS,50541,+1-726-471-4628x3143,1997-02-08
BRN00298,West Victoria Branch,REG009,0931 Martinez Creek Suite 151,Reginaview,FL,30092,901-363-6112x849,2002-06-18
BRN00299,Andreaville Branch,REG005,56258 Woods Crossroad,Alberthaven,VT,20881,+1-722-969-4053x96727,2001-02-24
BRN00300,Stephaniehaven Branch,REG003,1465 Cynthia Club,North Frederick,AR,11587,001-848-270-6827x7881,2006-09-28
BRN00301,Lake Ronaldside Branch,REG006,89097 Emily Track Apt. 215,New Michael,AR,55908,662.551.5381x4474,1976-08-26
BRN00302,Robinsonport Branch,REG002,9705 Christina Isle,Michaeltown,MI,95191,(465)801-6731,1982-08-12
BRN00303,Smithview Branch,REG004,6545 Mcclain Plain,Danielmouth,TN,58088,(625)260-5313,1983-02-04
BRN00304,Mannington Branch,REG006,374 Robert Plaza,Marshberg,MD,98947,001-268-762-1102x25803,1997-08-06
BRN00305,South Timothyport Branch,REG005,63928 John Trafficway Apt. 436,South Jasmine,AS,14009,001-689-523-9231x260,2022-01-25
BRN00306,Smithborough Branch,REG003,66843 Matthew Neck,New Ronaldton,ME,14926,754-556-3502x000,1990-07-11
BRN00307,Rebekahville Branch,REG008,47554 Collin Bridge Apt. 555,Johnview,IL,77089,(711)629-1093x3711,2012-01-31
BRN00308,New Jennifer Branch,REG009,36848 Jacobson Mission,South Carloschester,NC,66544,5298424090,2000-10-18
BRN00309,East Samuelhaven Branch,REG005,669 Clark Alley Apt. 939,Port Williamhaven,VT,94948,244.434.4812x30834,2022-09-13
BRN00310,Saraview Branch,REG009,338 Aaron Key,Markside,KS,95145,(669)445-0053,1989-02-01
BRN00311,New Dianeshire Branch,REG001,649 Lisa Forges,Josephshire,SC,99184,(427)536-5271x7272,2004-06-15
BRN00312,Lake Julian Branch,REG009,26931 Charles Gardens Suite 618,Lake Karen,AL,79575,366-601-0023,1983-07-14
BRN00313,Port Tammyville Branch,REG005,132 Malone Mills Apt. 457,East Brian,UT,35557,+1-581-200-1841x8620,1987-08-26
BRN00314,Hernandezport Branch,REG002,617 Vicki Fork,West Michaelmouth,DE,47751,409-822-6859,1983-11-27
BRN00315,Colleenport Branch,REG003,47541 Michelle Drive Apt. 526,Griffithfort,GU,09323,896-742-1522,1992-03-10
BRN00316,Olsonchester Branch,REG005,36687 Patel View Apt. 619,Rosebury,UT,11937,350.230.5872,2021-03-13
BRN00317,Melindaberg Branch,REG002,2863 Maria Centers Apt. 126,Lake Tammiestad,AR,92435,491-379-2025,1988-07-20
BRN00318,New Mariahchester Branch,REG002,72847 Sharp Mills,West Danielton,FM,84708,6926820667,2011-04-20
BRN00319,Huynhview Branch,REG009,623 Montgomery Forges,Whiteside,PA,10620,001-377-356-6205x634,1980-05-10
BRN00320,Anthonyport Branch,REG003,113 Katherine Inlet,New James,AZ,32002,219-790-9700x514,2013-05-17
BRN00321,Portermouth Branch,REG005,521 Russell Streets Apt. 820,Woodston,LA,21632,(771)913-3228,2015-01-09
BRN00322,Kellychester Branch,REG005,633 Susan Port,Davistown,FL,41073,+1-317-617-5242,2004-10-16
BRN00323,Christopherburgh Branch,REG004,7472 Teresa Oval Apt. 546,Vincentberg,NV,48569,295.451.6874x09038,2018-05-05
BRN00324,Nicholasshire Branch,REG006,36715 Mcdonald Place Suite 112,South Kaylaborough,MO,43587,955-297-3714,2003-04-02
BRN00325,Thomasborough Branch,REG004,096 Sharon Lake Suite 730,Port Andrew,WV,90111,(544)621-2146x14768,1985-07-25
BRN00326,North Pattychester Branch,REG005,2356 Alvarez Spurs Apt. 659,Morrowside,WY,78767,919.492.5502,2001-01-06
BRN00327,Danielchester Branch,REG009,072 Fowler Prairie Apt. 033,Hortonburgh,PA,49988,653.639.0550,2001-02-22
BRN00328,Lake Victormouth Branch,REG008,5586 Wilson Fall Suite 652,New Ryan,LA,86956,001-964-391-1110x961,2007-08-02
BRN00329,Lake Kellychester Branch,REG005,78613 Sampson Keys,Gutierrezfurt,AL,49606,884.244.4630,1977-04-21
BRN00330,Port Nicholas Branch,REG001,2963 Lee Row Suite 096,Lake Peter,VA,23270,(458)726-3128x1964,1986-07-12
BRN00331,North Samuelshire Branch,REG002,98196 Julia Curve,Waltersstad,HI,31921,+1-334-338-3640x4120,1999-01-15
BRN00332,North Donaldview Branch,REG007,17536 Travis Brooks,Jonesland,IL,90591,(765)972-2402x99015,2025-04-17
BRN00333,East Aimeeview Branch,REG005,90808 Javier Lakes,East Anthonyberg,IN,11438,001-824-547-3158x4776,1988-10-18
BRN00334,Lake Meghan Branch,REG001,1994 Laura Stravenue Suite 676,Lisaville,PA,50707,(739)855-1720x84964,1978-01-04
BRN00335,Port Marcus Branch,REG001,3135 Thomas Island,North Lucastown,VT,43606,579.553.8164,1981-08-02
BRN00336,Jenniferland Branch,REG006,655 James Unions Suite 704,Wilsonmouth,GA,79331,296-239-0409x07426,1993-01-27
BRN00337,North Terrychester Branch,REG003,5561 Snyder Causeway Suite 477,Port Nathanielville,AK,29863,5027156321,2016-07-13
BRN00338,Lake Mirandaview Branch,REG005,04145 Nelson Extension,New Steven,DC,42356,(996)971-8839,2024-05-19
BRN00339,Kendrafort Branch,REG003,44158 Donna Street,Lake Christian,NM,08400,503.776.3715,2013-10-21
BRN00340,Jeanetteberg Branch,REG008,35679 Kimberly Field,West Rodneyport,VI,76161,+1-912-771-1307x2407,1989-07-22
BRN00341,West Ryanberg Branch,REG009,685 Scott Land Apt. 066,West Jaime,HI,78364,289-278-6103x131,2004-09-23
BRN00342,North Amanda Branch,REG007,96661 Jessica Square Suite 732,West Dana,VT,78660,401-728-9743x2512,2020-08-20
BRN00343,North Elizabeth Branch,REG009,0241 Erin Walk Apt. 957,South Morganfort,DE,06422,3946388221,2015-12-07
BRN00344,Shaunstad Branch,REG001,745 Smith Knoll Suite 589,Rodriguezhaven,VA,84360,8267325703,1986-08-27
BRN00345,East Samanthafurt Branch,REG002,8782 Lozano Keys,Peterchester,KY,41044,709.685.9167,1981-12-10
BRN00346,South Saraberg Branch,REG002,284 Kevin Heights Apt. 407,East Justinshire,DE,07473,440.365.0042x5488,2011-06-28
BRN00347,Lake James Branch,REG003,3075 Lisa Route,Hendersonville,MH,34744,594-629-6592x3426,1991-06-28
BRN00348,Ashleymouth Branch,REG009,6128 Benson Parkway,Taylorchester,NH,55617,(470)680-6129x43985,1979-03-03
BRN00349,Martineztown Branch,REG001,701 Joseph Run Apt. 591,Arianamouth,VI,08478,498-503-8287,2020-05-25
BRN00350,West Courtney Branch,REG006,9311 Eric Crest,East Jamesfort,AK,66797,960.314.6723x849,1997-09-23
BRN00351,East Donaldbury Branch,REG009,837 Roberts Shores,New Trevorview,MO,51071,001-217-666-2047x196,1978-03-19
BRN00352,Williamsstad Branch,REG003,7402 Mason Wall,West Rachel,NC,51700,812.925.9572x44617,2006-03-25
BRN00353,New Jeanette Branch,REG007,59959 Jones Burgs Apt. 311,Villafort,MD,30848,001-731-226-6109x41017,2021-10-17
BRN00354,Danielmouth Branch,REG003,98334 Kim Heights Apt. 326,North Brandi,SC,88143,330-720-5698,1985-08-16
BRN00355,Leeborough Branch,REG001,559 Laurie Mill Suite 619,East Kimberlyport,CT,15957,430.698.5034x4651,1980-03-17
BRN00356,Port April Branch,REG005,9081 Giles Greens Apt. 056,Jameston,DC,27270,+1-750-337-1990,2023-02-01
BRN00357,New Timothyberg Branch,REG006,010 Romero Run Suite 674,North Sarah,AK,26213,+1-496-808-7066,2010-11-28
BRN00358,North Samuel Branch,REG001,3560 Jesse Radial Apt. 368,Port Alexisbury,GU,07956,502-672-4055,1982-11-25
BRN00359,Mendozaville Branch,REG006,48375 Scott Hollow,Kimberlyport,VI,86175,884.958.8105,1990-04-03
BRN00360,East Maureen Branch,REG004,8315 Barry Freeway,Santosmouth,DE,03291,204.849.6410x4967,1995-05-23
BRN00361,East Jamieburgh Branch,REG004,040 Pineda Rest Suite 493,West Jessicachester,VI,56540,001-401-886-4876x9984,1999-06-11
BRN00362,East Rebecca Branch,REG002,413 Morgan Locks Apt. 945,Donnatown,DE,40726,001-954-227-7070,2023-11-14
BRN00363,Littleside Branch,REG006,0914 Ashley Mill,West Katie,KY,34519,723.222.9031x0287,2003-08-29
BRN00364,North Stephanie Branch,REG009,0580 Michael Club Suite 181,East Mark,MN,89763,(216)442-0595x56574,1994-08-04
BRN00365,Sarahshire Branch,REG007,93588 Case Lane,Lake Jessicafurt,WV,85594,313-298-9868,2006-04-16
BRN00366,Stewartborough Branch,REG003,53537 Goodman Crescent Apt. 765,West Annland,PW,47987,+1-479-637-6392x8369,2015-07-16
BRN00367,Leeland Branch,REG004,8297 Rachel Wells Suite 021,Bakerside,VT,62086,001-712-406-0212x8866,1996-04-03
BRN00368,Lake Kelly Branch,REG003,9991 Charles Knoll Suite 676,Katherineberg,VA,24546,001-498-612-0995x7657,2022-11-01
BRN00369,East Kennethmouth Branch,REG003,889 Mitchell Lights,Katherineberg,AZ,96789,001-636-684-9951x5421,2000-05-21
BRN00370,East Keith Branch,REG007,134 Cody Plaza Apt. 090,North Tracy,GU,03879,(934)896-7827x411,2000-09-17
BRN00371,Port Derrickview Branch,REG001,1315 William Harbor,Mccoyhaven,TX,10211,001-450-861-8538x003,2019-04-11
BRN00372,Lake James Branch,REG003,72742 Cynthia Corners Apt. 061,Grantborough,VT,23846,4646969357,2017-09-26
BRN00373,Elizabethfort Branch,REG006,587 Davis Creek Suite 675,Lake Roger,HI,61414,515-862-7796x30448,1979-07-11
BRN00374,Josemouth Branch,REG007,7664 Joseph Stream Apt. 504,Ortizshire,FM,22329,+1-231-299-5298,2015-11-10
BRN00375,Port Janetstad Branch,REG004,083 Nichols Estate,Heathbury,LA,21656,(856)938-3000x818,1978-08-13
BRN00376,Kevinbury Branch,REG005,41662 Atkins Club,New Jenniferchester,AK,02433,001-289-621-9639x4568,1989-12-21
BRN00377,North Joseph Branch,REG003,4613 Hoffman Orchard Suite 883,Smithfort,VA,52096,(381)673-9063x757,1992-10-31
BRN00378,North Annborough Branch,REG002,312 Jensen Mountains Apt. 074,Collinsmouth,MP,20242,9599960438,1991-11-18
BRN00379,West Steven Branch,REG007,811 Lyons Lane Apt. 028,East Jamesville,AZ,56099,628.772.8660x4164,2006-09-06
BRN00380,Anneburgh Branch,REG001,8395 Kennedy Fords,Saraberg,GA,69232,001-570-356-2271x043,2002-11-22
BRN00381,Codymouth Branch,REG008,58350 Joshua View,Silvaport,MN,82355,001-364-488-3192x13424,2015-08-04
BRN00382,Riverashire Branch,REG004,973 Aaron Fort Apt. 192,East Thomas,AL,42881,302-587-6754,2003-12-28
BRN00383,Schroederfort Branch,REG004,8581 Stephanie Roads Suite 268,Henryview,TX,16261,+1-565-520-5756,1995-04-14
BRN00384,Lake Wendy Branch,REG008,5830 Murphy Land,Wesleytown,PA,36287,2479604409,2025-05-28
BRN00385,Henryfort Branch,REG006,50922 Christopher Village,North Scottton,MD,13277,+1-743-290-5529,2022-08-17
BRN00386,Butlerton Branch,REG005,82412 Williams Rest,Lake William,HI,83771,001-304-348-5157x9197,2021-07-10
BRN00387,Lake Christopher Branch,REG004,020 Dana Mount Apt. 343,West Brian,VT,38128,(542)495-6334,2024-07-11
BRN00388,Heidiview Branch,REG004,5955 Gallegos Spur,North Stephanie,OR,51052,(689)336-5435,2001-09-10
BRN00389,West Jeffery Branch,REG001,18272 Willis Landing Suite 905,Lake Michaeltown,GA,55735,955.812.5427x8207,2012-05-11
BRN00390,Flowersview Branch,REG004,576 Williams Wells Apt. 816,Schroedershire,MO,78236,4284249839,2009-01-18
BRN00391,North Kyleberg Branch,REG007,6270 James Extensions Suite 412,Port James,CO,95414,928.850.7251,2010-10-13
BRN00392,Barnettmouth Branch,REG006,62526 Villanueva Viaduct,Carlsonside,CA,45965,890.339.2355x5809,2008-03-05
BRN00393,South Jacob Branch,REG005,6156 Ronald Haven,Paulfort,AZ,34713,(422)868-1715x16025,2010-03-04
BRN00394,South Desireefurt Branch,REG002,46419 Shaw Tunnel Suite 585,Port Haroldchester,ND,50763,+1-612-205-9438x97607,1982-07-02
BRN00395,Stevenston Branch,REG005,6540 White Knolls Suite 075,Cynthiaville,MI,96433,4869321812,1997-08-31
BRN00396,Michaelmouth Branch,REG006,897 Charles Landing,East Chelseaville,MS,67692,001-615-646-6024x1613,2006-09-15
BRN00397,Lake Lauren Branch,REG009,736 Burgess Tunnel Apt. 480,Browningport,KY,01163,(730)562-4479x51330,1979-09-01
BRN00398,Jessicamouth Branch,REG007,958 Alvarez Point Apt. 555,Lynnberg,NH,97831,338.526.4609x1785,2013-03-12
BRN00399,Kevinmouth Branch,REG009,702 Claudia Port Suite 604,Fritzfurt,PW,70964,(669)411-6331,2018-12-03
BRN00400,Piercestad Branch,REG006,9455 Elizabeth Spur,Wayneside,MO,30005,(477)347-2264x0857,1995-04-30
BRN00401,Mccannchester Branch,REG001,093 Chelsea Parkway,New Ashleychester,AK,43102,+1-532-497-1509x688,1998-12-22
BRN00402,East Thomas Branch,REG002,2410 Becky Mount,Lake Carrie,IA,23684,981.895.2371x006,1979-12-29
BRN00403,Rosarioside Branch,REG005,980 Castillo Stream,West Lisaton,MN,52855,001-887-761-1249x125,1983-07-02
BRN00404,Port Timothy Branch,REG003,51773 Peterson Spurs Suite 574,Brookeberg,FL,68891,603-459-5442x9477,2012-12-25
BRN00405,East Catherine Branch,REG005,3039 Hernandez Bridge Suite 588,Woodsburgh,MI,84891,(998)458-5672,2000-04-04
BRN00406,Smithland Branch,REG001,43324 Debra Knolls Suite 790,Lake James,TN,04805,(515)581-4888x1079,1989-02-02
BRN00407,Lake Sharon Branch,REG002,72094 Davis Field,East Alexandraton,IL,30331,399.577.1805,1999-12-24
BRN00408,Millerborough Branch,REG007,939 Evans Branch,Callahanville,VA,58518,001-939-697-0469x47258,2023-02-28
BRN00409,Josephside Branch,REG006,4884 Rodriguez Throughway,South Adam,MH,67288,372.521.6417x5823,1986-12-28
BRN00410,Lukehaven Branch,REG006,49392 Moore Trafficway Suite 229,West Sue,NJ,86155,+1-764-934-7452x455,1991-08-21
BRN00411,Farmertown Branch,REG007,65274 Lori Flats Apt. 445,West Ronaldfurt,MD,73648,+1-533-498-7411,1992-06-28
BRN00412,Davidshire Branch,REG009,67349 Brown Centers Suite 485,Mcleanville,NJ,18101,001-515-762-2949x3817,2004-08-09
BRN00413,Angelaport Branch,REG002,15573 Manuel Forks,Coxborough,TX,92783,249-702-1666x708,1977-05-03
BRN00414,Forbeshaven Branch,REG007,749 Walters Street Apt. 918,New Erichaven,PR,11999,001-479-731-6477,1980-02-14
BRN00415,Shawnchester Branch,REG004,9409 Smith Fork,Ronaldview,PR,29715,001-558-473-9592,1986-08-24
BRN00416,North Anthony Branch,REG005,85155 Dominique Flats,Frankview,IN,28974,001-850-527-1607x36077,1986-08-14
BRN00417,Lawrenceville Branch,REG001,89812 David Overpass,Karamouth,MT,25533,218.257.4817,1995-03-02
BRN00418,Rossville Branch,REG007,4164 Yvonne Corner Suite 704,Brandonbury,HI,74501,5286227009,1994-10-04
BRN00419,Morrowchester Branch,REG001,82251 Anthony Ford,Richardstad,PW,35258,+1-850-405-0702x608,1984-04-17
BRN00420,West Phyllisland Branch,REG009,17768 Taylor Rapids Apt. 477,Davidside,MN,80928,+1-817-679-3238x22311,2020-01-01
BRN00421,East Jeremyburgh Branch,REG009,7988 Wolf Curve Suite 652,Lake Rebeccafurt,SC,06794,220.920.3265,2000-04-01
BRN00422,Jacobshire Branch,REG004,3794 Wilson Harbors Suite 524,Lindsayfort,WI,72446,515.984.1560x821,2017-03-20
BRN00423,New Jenniferberg Branch,REG006,7681 Raymond Pass Apt. 230,Lake Julie,NC,79266,001-329-488-0858x38252,2007-08-27
BRN00424,Port Sarah Branch,REG007,963 Williams Locks,Peterhaven,MT,62962,352.240.1484x399,2013-07-18
BRN00425,East Timothy Branch,REG002,62669 John Keys,East Tabithaview,DC,53118,392-637-2450,2002-03-25
BRN00426,Hallmouth Branch,REG006,89721 Hutchinson Canyon Suite 417,Richardsfort,WV,38656,881.819.9537,1979-04-27
BRN00427,Port Kaylaview Branch,REG006,856 Bird Corner Apt. 173,Walkerchester,TN,35333,278-399-6986,2005-06-20
BRN00428,New Codybury Branch,REG002,966 Michael Turnpike Suite 798,South Lisachester,TN,03861,992.605.1460,1994-02-11
BRN00429,Michaelbury Branch,REG005,0574 Jason Trail Suite 652,Gatesmouth,MI,81294,+1-935-441-1659,2013-08-12
BRN00430,West Melissa Branch,REG009,5752 Marcus Creek Apt. 948,Katherineside,HI,52663,+1-813-411-9642x585,2021-09-06
BRN00431,Port Stephanieport Branch,REG005,3703 Elizabeth Harbor,South Jeffreybury,IA,30101,532.804.3097x768,1985-08-29
BRN00432,Burtonfurt Branch,REG007,546 Diaz Freeway Suite 851,West Michelle,UT,32862,+1-592-718-7851,2011-09-14
BRN00433,South Joseph Branch,REG006,9779 Brown Extension,New Shaneton,MH,46062,821.551.4940x9762,2008-12-20
BRN00434,Amandaport Branch,REG007,98628 Huffman Ridge Apt. 591,New Brycechester,VA,21630,001-833-892-2071x5116,1995-03-24
BRN00435,Taylormouth Branch,REG005,45264 Davis Green,Gonzalezstad,SD,83470,257-718-4090,1981-03-22
BRN00436,New Alexandermouth Branch,REG009,0995 Stephanie Field Suite 283,Collinberg,PA,49543,001-227-328-2709,2016-02-04
BRN00437,Savannahville Branch,REG003,298 Rachel Parks Apt. 929,Sharonside,MP,51467,218.715.3523x736,1979-06-02
BRN00438,Cochranshire Branch,REG004,158 Sherman Row,West Luke,NV,26458,866-666-1707x1587,2000-12-04
BRN00439,Kelliton Branch,REG007,14998 Danielle Streets,New Anthonyport,MS,25173,(980)468-8285x031,2020-04-07
BRN00440,Charlesborough Branch,REG007,99006 Rachel Crescent Suite 035,South Margaret,MN,53186,6225939469,2022-08-13
BRN00441,Roberttown Branch,REG003,6437 Greene Road Suite 072,North Dana,DE,21331,612.385.2464x8449,2013-10-30
BRN00442,Carsonborough Branch,REG005,732 Taylor Coves,East Benjaminfurt,HI,11459,001-713-269-5727x90833,2004-05-31
BRN00443,West Michele Branch,REG007,57306 Hernandez Highway Apt. 323,Dianemouth,AK,58242,739-284-8228,1982-01-01
BRN00444,South Apriltown Branch,REG009,550 Rachel Spur,North Patrick,OK,08157,(891)930-9810x7964,2021-02-21
BRN00445,Lake Tracy Branch,REG001,7727 Walker Heights Apt. 642,Jodychester,AS,39803,(507)868-3625,1997-03-06
BRN00446,Murraymouth Branch,REG005,7555 Anderson Pines Apt. 333,Port Jessica,WY,81618,(978)665-4362x718,2020-11-14
BRN00447,Williamsborough Branch,REG005,268 White Mills Apt. 369,West Tonya,TX,74342,001-226-393-2657x32759,2015-02-07
BRN00448,North Alanton Branch,REG004,55323 Pittman Lake Suite 977,Janeport,ME,13804,+1-422-926-1896,2010-11-01
BRN00449,Hannahbury Branch,REG007,271 Derek Light,Grayburgh,WI,03116,001-757-799-2707,2024-12-10
BRN00450,Caseyberg Branch,REG006,621 Suzanne Islands Suite 159,Smithshire,MT,22660,(643)684-8075x203,1998-07-17
BRN00451,Morganview Branch,REG008,158 David Road Apt. 904,Gonzalezfort,MS,51408,4467558665,2011-10-12
BRN00452,South Juan Branch,REG008,1581 Lisa Valley,East Charlesstad,CA,20686,001-431-910-0591,2007-06-18
BRN00453,Kristiville Branch,REG008,23121 Adam Turnpike,East Brendan,CO,51212,283-373-7927x49072,1985-02-28
BRN00454,West Douglas Branch,REG004,113 Melinda Throughway,East Ralph,MP,78136,696-484-3645x3804,1979-09-18
BRN00455,South Maxton Branch,REG009,70159 Wolfe Rest Apt. 945,Howardfort,MN,65997,775-883-3920x5677,1999-04-06
BRN00456,Hayesberg Branch,REG008,0256 Reginald Bridge Suite 229,East Cody,MO,62404,(645)530-7624,1985-11-07
BRN00457,Reynoldsburgh Branch,REG003,051 Stephanie Squares Suite 942,New Sherry,AS,28865,(670)742-5496x91928,2012-01-21
BRN00458,West Annette Branch,REG002,07563 Shirley Spurs Apt. 574,Barbaramouth,UT,25978,(959)239-9337,1991-11-26
BRN00459,South Karenmouth Branch,REG005,779 Jones Loaf,Port Kayla,VT,19255,(607)733-0559x782,2000-04-17
BRN00460,Cassandraside Branch,REG009,399 Kenneth Circle,New Lauren,LA,33036,(960)444-3240x0615,1998-06-06
BRN00461,Petersmouth Branch,REG006,47439 Mitchell Radial Apt. 501,Port Markfort,MN,19080,268-206-5625x90459,2011-12-16
BRN00462,South Caleb Branch,REG002,21823 Karen Knolls,Christophermouth,WV,09620,368.608.6628x1372,1987-09-08
BRN00463,Lake Francestown Branch,REG004,370 Jeffery Fort,Port Devin,MD,42830,(260)584-7068x1039,1987-10-16
BRN00464,Smithland Branch,REG005,263 Amanda Road Suite 485,Mooreborough,WV,80142,853-554-6147x079,1985-08-07
BRN00465,South Lindaborough Branch,REG004,439 Ward Center,New Pamela,MP,33574,980.840.3253,2011-10-27
BRN00466,Joyceburgh Branch,REG004,8943 Christina Alley Apt. 900,Sarahport,NV,50494,001-292-610-5336x5146,2014-04-17
BRN00467,West Donaldmouth Branch,REG003,07201 Jenny Motorway,Josephshire,NJ,08795,001-223-216-6007x6762,2008-09-18
BRN00468,Jenniferfort Branch,REG001,0433 Patrick Run,Port Annachester,OH,92637,730.445.1957x7825,1992-04-04
BRN00469,Richardshire Branch,REG001,7542 Lowe Lodge Suite 619,Nicolemouth,MI,85103,478.520.5829x582,2016-12-13
BRN00470,Millerchester Branch,REG004,808 Barbara Glens,Lake Jeremy,VT,44396,515.958.6863x9561,1984-03-04
BRN00471,Lake Aaron Branch,REG008,2143 Turner Fords,Port Jamestown,AK,39270,732-811-4716,1977-01-23
BRN00472,Matthewstad Branch,REG002,6997 Erin Bypass,Florestown,KS,92334,368.916.9957x0607,1988-11-24
BRN00473,North Johnville Branch,REG008,5397 Marcus Plaza Suite 396,North Gabrielashire,VI,89006,001-308-971-8274x96804,1985-01-24
BRN00474,Carterburgh Branch,REG007,9561 Tanya Club,South Todd,AL,51265,001-426-404-2359x73711,1983-01-05
BRN00475,South Tylerchester Branch,REG004,858 Robert Bypass,Samuelchester,CA,09043,245-476-8321,1980-10-10
BRN00476,Lake James Branch,REG007,471 Brandi Crescent Apt. 332,Deanfurt,AL,49241,6804184980,1992-03-14
BRN00477,Port Timothy Branch,REG008,77731 Paul Roads,East Elizabethhaven,FL,09413,281.792.3653x4606,2014-10-17
BRN00478,East Emilystad Branch,REG007,9327 Lucas Throughway Apt. 398,Tylerland,NE,79120,8616812054,1999-04-21
BRN00479,Kevinside Branch,REG004,7876 Taylor Course Suite 588,West Crystalview,VI,38373,+1-883-655-3935x435,1989-06-22
BRN00480,Santiagoborough Branch,REG003,435 Harris Mountain,North Jenny,FM,38703,+1-933-795-2753x6749,1983-09-18
BRN00481,West Davidfurt Branch,REG001,13477 Dixon Manor Apt. 406,Larsonfort,NE,51210,412-321-5001x41884,2021-11-26
BRN00482,Harrisshire Branch,REG002,15944 Allen Forges,Sarahstad,MP,31481,(208)495-3263,1981-01-04
BRN00483,Lisaville Branch,REG007,63379 Patricia Forges,Danielbury,TN,40935,(899)267-3311x67726,2003-01-24
BRN00484,Jamiefort Branch,REG004,550 Romero Loaf Suite 935,Lake Chris,MP,92111,+1-962-263-3556x43436,2010-03-07
BRN00485,Lake Heidi Branch,REG003,069 Ward Brooks Suite 676,South Jonathanbury,KY,48551,772-223-9898x306,2013-10-25
BRN00486,Lake Ruthland Branch,REG009,1847 Kelly Walks,Ramirezburgh,IN,54170,828-413-1909x2487,1988-02-13
BRN00487,New Jennifer Branch,REG008,42817 Cummings Drives,East Kristin,MD,23018,001-548-708-8062x20722,2004-08-29
BRN00488,Stevenmouth Branch,REG001,132 Carlos Lane,North Justin,NC,64720,+1-868-486-8785x99648,2001-03-13
BRN00489,Martinezton Branch,REG009,95419 Reyes Hills,Andrewfort,ID,98845,5364279246,1977-05-07
BRN00490,South Johnny Branch,REG004,7537 Robert Center Apt. 214,Brianmouth,PW,51167,+1-761-594-5887x0715,1991-10-01
BRN00491,North Victoria Branch,REG002,840 William Roads,Andrewfurt,MA,80838,859.254.5089x177,2009-03-11
BRN00492,East Sarahfurt Branch,REG008,742 Kathleen Flat Apt. 964,Robinsonton,ME,02088,(636)593-6268,1976-07-28
BRN00493,East Micheleview Branch,REG003,37271 Elizabeth Valleys Suite 957,Barbaraside,FM,97771,758-629-8493x30674,2000-12-26
BRN00494,Williamsshire Branch,REG008,1283 Nicole Gateway Suite 218,Robertfurt,MT,74762,841-932-9715x06662,2024-06-24
BRN00495,Sharonville Branch,REG009,77693 Jordan Freeway Suite 392,Erikmouth,OR,49895,311-410-2867,2025-02-20
BRN00496,South Gregoryberg Branch,REG009,5910 Patricia Isle Apt. 091,New Aaronborough,WY,22774,(971)649-4981x9421,1984-04-03
BRN00497,South Catherineport Branch,REG006,5277 Lynn Inlet,Desireefurt,MT,31319,353-937-2201x0912,1982-09-21
BRN00498,West Kayleemouth Branch,REG008,766 Sarah Skyway,Sharonborough,MH,62527,+1-905-926-3510x0462,2008-10-19
BRN00499,Bowersmouth Branch,REG009,56592 Misty Expressway Suite 617,Eddieberg,IA,67712,+1-774-232-6005x595,1981-09-01
BRN00500,East Dylan Branch,REG007,689 Ryan Street Apt. 798,Ambermouth,AZ,37789,906-691-7679x93593,1991-04-04
