rate_id,date,from_currency,to_currency,exchange_rate
f48f709c-49a2-4441-8ac4-de854a5b1aff,2024-02-10,USD,AUD,1.2607
126301a0-641c-4619-a430-58d9c1f98e90,2025-03-17,USD,JPY,80.9163
c5954f39-cc5d-46e4-bbc1-0bbeed1c4d70,2026-04-17,USD,CHF,0.7419
22ae8888-5200-41ca-8855-f44a33704903,2025-11-28,USD,CHF,0.8215
3429ce3b-8931-4697-a4ab-a2a0b1cbc263,2025-03-26,USD,CAD,1.4986
863e3610-ae7a-452a-9179-15b7883a5ef5,2026-06-06,USD,GBP,0.5536
d4018a45-ec1a-4adc-8a36-a7c0f0cc4f56,2025-07-06,USD,EUR,0.8822
dd83ad03-7066-4289-9644-84a0d1151fff,2024-03-24,USD,EUR,0.8791
56f401e5-c1e9-44fa-be47-27fdc51c91f4,2024-07-06,USD,AUD,1.365
13325c31-d010-418a-aadc-9960424211e2,2024-04-16,USD,GBP,0.8608
92ee4820-1327-4db9-abdd-439adc233c06,2025-06-02,USD,EUR,0.7781
e17f5e53-2260-4be8-b8ca-903b1c6c8382,2025-10-12,USD,INR,98.5598
a5e0ecfd-b96c-47ff-a5a0-f9e224f6548d,2026-04-04,USD,GBP,0.6116
73e7f042-516c-4b0a-9385-3918bc4015fa,2024-04-13,USD,GBP,0.8561
86341718-2ba6-4db3-bafe-b1149561c813,2024-02-07,USD,EUR,0.827
333822d1-6691-4664-80c9-937022d6f0a2,2024-11-28,USD,CHF,0.9427
b6646199-ed25-459e-8f89-37fa753e9662,2024-08-13,USD,CNY,6.8387
e6b23125-d568-492f-9032-5480b01b5658,2026-04-15,USD,CAD,0.9615
17dcabf5-5088-4581-8c4c-eedf0bb1b984,2025-05-05,USD,JPY,79.7322
9d1c92f0-3770-4be5-b381-c6ebdac9d4a4,2026-01-28,USD,INR,92.7965
b52f5f46-c0b0-4dd0-bac9-b5b642e88605,2025-01-14,USD,JPY,92.7245
92689d81-276c-4202-90a1-2a0b5f96600d,2025-12-23,USD,EUR,0.8726
742f790e-d4be-44e4-a04d-3f5585594d77,2025-08-01,USD,CNY,5.6374
ab16b1fd-14ca-428c-9336-eb2833ba1e1b,2026-05-21,USD,EUR,0.751
894539ec-8850-4e9d-be1b-203488a5316f,2025-04-28,USD,GBP,0.7747
e5b23a6d-00c9-478e-93f8-b32d48e23143,2026-05-17,USD,CAD,0.9933
ae1455f4-d6e8-4ad3-803a-423a990ddc73,2025-01-12,USD,INR,86.8813
bfeef19d-b360-4faa-be6e-9d47f0c0804b,2024-07-16,USD,INR,67.4761
bb5452fd-26a3-461b-a21f-56b20c650576,2026-07-02,USD,INR,92.0858
7cea2045-c268-483e-a32f-2e63b7fddd71,2023-12-14,USD,EUR,0.9236
14e1aabd-a20c-44ba-a5b0-8e26fc52a468,2025-11-23,USD,CHF,0.8329
586a346a-dc5b-47d1-bcef-1972bbf483ce,2024-02-01,USD,EUR,0.8573
702b7014-adab-4c2f-91a6-46dacd613988,2024-05-25,USD,EUR,0.9202
29f5010c-8b6a-4c97-b8f4-223bd21a5375,2026-01-20,USD,AUD,2.2765
6c905f13-ba7e-4b51-9892-e71aab87aea4,2025-08-24,USD,CAD,1.13
7862246c-092e-44b7-aee2-59893ad82406,2024-12-06,USD,CNY,7.1416
2553ff33-298b-4a25-903d-24cffdfbc585,2026-03-23,USD,CHF,0.789
d4fecf58-a1f8-45a4-8a4b-455957765dc6,2026-01-22,USD,AUD,2.25
c172494f-9eae-4feb-8f76-a282bba04391,2025-12-27,USD,CAD,1.1613
8eb4b40e-b1e6-4f11-946c-4404e2edbb63,2026-01-18,USD,EUR,0.786
46a56fe8-6f46-41b1-aace-1aa9103246b3,2024-03-10,USD,AUD,1.4018
5ba62f73-e9c4-4f0d-afe6-8a5219a7361b,2025-09-03,USD,CAD,1.0899
af3f9d9a-b272-4aa7-9d30-c42e8cf29000,2024-07-02,USD,GBP,0.9764
2e408d57-63ba-4c3d-807a-be48f24e7fd6,2025-03-29,USD,JPY,84.363
78202426-3134-4ab8-b9e8-d78149bb1313,2024-12-20,USD,AUD,1.5695
141b9098-8892-47fe-8f2e-45efabbe274a,2024-09-08,USD,EUR,0.9288
be901a64-a0cc-4d31-8e22-efcfd02b4c3a,2025-11-10,USD,CHF,0.8562
6d4772f8-d46a-47af-aa73-6a676c461d48,2025-03-02,USD,AUD,1.7927
1bb868d5-88c0-43d7-b86c-014f65fae4a1,2026-05-27,USD,CHF,0.7792
d43cdd6d-e0c1-4f1e-a0da-897258321ee4,2024-01-28,USD,CAD,1.3234
2b729d66-504f-4e7c-b46e-49a81817dac5,2025-05-09,USD,EUR,0.7539
82278cac-0cfe-4cdf-a872-c5573d9049bb,2026-04-19,USD,GBP,0.6258
302dc72b-1366-4d76-82fc-93d9b3ef29d7,2025-12-26,USD,EUR,0.8614
36903edb-9fb9-48e0-b76e-f3e63af33cc5,2025-01-27,USD,CNY,7.7496
1d96dc53-2344-4c54-8cae-f9ec6d44f723,2025-07-10,USD,GBP,0.8721
92701d60-7c4f-48e4-a7a0-2a3d620f230b,2024-05-04,USD,CAD,1.6259
43ad3d62-b17c-4b21-8dbc-2c1ca4afe7bd,2024-02-09,USD,EUR,0.8362
8974e16a-2ef0-463c-9106-2a357d10bf9f,2025-12-04,USD,CAD,1.0413
6a34c854-1071-4d51-b6c5-9dacb4d7e28e,2023-11-20,USD,JPY,114.1007
c5efd670-1f4d-48ce-998d-e3d83cf29ade,2024-11-23,USD,AUD,1.3607
97c75839-1dd2-4b24-8420-c72d8fb8b736,2026-03-26,USD,CAD,1.0492
2e361846-b885-4367-b3c7-024de84543c7,2026-03-15,USD,AUD,2.1148
95e2f91b-da88-4b20-b819-58f22b258bdf,2026-02-19,USD,JPY,64.7442
47543604-aa9b-44ba-bb4f-068eecad122d,2025-07-31,USD,CHF,0.9647
d66ec576-b7e6-4b4d-93d5-326f9b032c39,2026-02-24,USD,AUD,2.1834
9997496b-c697-4476-92aa-48cff18c5581,2025-01-22,USD,EUR,0.834
9aab1efb-0838-4528-a477-e25ae19383a9,2025-05-01,USD,INR,85.0027
0bb8382f-916b-4250-8945-8e1bcb0de65c,2025-07-11,USD,EUR,0.8721
070f48c2-ba4e-432f-a582-eba2f2859a73,2025-11-20,USD,JPY,71.1686
53cdc93f-b84f-481c-a379-6fa5b84e203d,2026-01-15,USD,EUR,0.7898
989240ac-e689-43a9-89e4-8e8c25c61c45,2023-12-25,USD,EUR,0.9005
9929afeb-4884-4a14-9575-11addbeae9f8,2024-06-29,USD,AUD,1.3456
dd2467ac-778e-4db3-a93d-ffbc6c6fa611,2023-11-02,USD,GBP,0.7622
7580e4e9-5945-4186-9a01-8d296060b1eb,2024-05-10,USD,GBP,0.865
f52eaf63-badf-47a8-aeaf-39512f701b32,2025-07-04,USD,AUD,1.8154
8a5a4272-5f90-4e57-a472-2a76f7c90c89,2025-01-11,USD,INR,86.3596
59e1ac09-5970-4859-86b6-e4ade7ea8d5a,2024-01-05,USD,CNY,5.6551
0f6eed31-8745-4d05-94e8-9dd00c4bc3d2,2025-10-15,USD,CAD,1.0768
c8cba592-b0ca-42eb-8fe1-621ad6e1ba00,2024-06-05,USD,EUR,0.8888
278976c9-4b7d-4b08-ac5b-fe79709ad1ab,2025-09-29,USD,CNY,5.4377
098c60b3-efc9-409e-99af-6e09b91e3d6e,2024-02-12,USD,INR,75.2652
42378962-e4fd-4c34-9670-7a2129dc073e,2024-05-08,USD,CAD,1.5706
2fad3d7e-a4bf-4846-a60a-3bdb002ae6c6,2026-06-06,USD,JPY,64.5048
a484be3e-2191-490c-bc86-1a6af55db8b9,2026-06-17,USD,INR,90.1187
55c275e2-d363-421f-b11c-dad44e6ccc79,2026-02-09,USD,JPY,64.814
8fc45e9e-b60a-4a9c-be8c-ea8a255c4297,2026-02-28,USD,JPY,63.4518
6c5a6c93-871c-4884-9bdf-90f2ba2c0f19,2024-01-17,USD,JPY,122.3528
1aa67474-e200-4157-ad54-c95aaa4d52a8,2024-08-02,USD,CAD,1.5952
be7a38c6-bc8e-4e55-9b97-151da89e4fa6,2026-03-16,USD,CAD,1.0311
d7f64255-cf97-4ff0-bafd-0718ebced334,2025-11-27,USD,CNY,5.5341
343e623f-7f5f-4a4f-87ac-c717299152e6,2025-10-24,USD,CNY,5.123
d4575305-73b0-420d-9f20-19ea3cd61f5e,2024-09-03,USD,GBP,1.1604
0b73ca1c-d1dc-41e5-a9a1-44751958a981,2025-03-25,USD,GBP,0.835
ce67b962-548b-4bb7-9f82-00b85b24bb54,2025-03-07,USD,CAD,1.5022
cf8be8bd-d2fa-4b0a-b337-05f9894b9f90,2026-01-05,USD,CAD,1.1916
18a440bd-1c47-40a5-9270-2b29a41247a2,2024-07-30,USD,GBP,1.0858
df9f1099-0b4b-46c4-a672-5796feef341b,2026-01-19,USD,CNY,5.1366
d92f3c1e-df70-4b2a-b8bb-22a5eba742d2,2024-02-08,USD,EUR,0.8156
68bd075b-7eb6-481e-a72f-947d816462cb,2024-03-21,USD,INR,73.1204
9df034d3-9caa-437c-bc67-95e2c32fc21b,2024-08-18,USD,GBP,1.135
c3dd1d6a-18fc-4899-9c86-a6f929f5d43d,2026-03-21,USD,CAD,1.0209
a7fb859f-7925-4d0f-a545-5ccc35b39c0e,2026-03-13,USD,CAD,1.0363
d1682e09-f1f7-4904-9307-5157d8c128e7,2024-03-01,USD,AUD,1.3442
567a25f8-5d12-490e-b6a9-0f786370fda9,2025-12-11,USD,INR,93.6804
4bf5cf0e-97a1-42a2-9606-be66a2a2d1a6,2025-12-26,USD,CAD,1.1605
25b1ad19-c8b9-4543-9956-3604cdf94cb5,2026-05-18,USD,EUR,0.7581
c7f4f4f9-8222-4ad3-aca3-91d47ba16dd7,2024-06-01,USD,JPY,122.8274
90a71d24-b277-4e31-8655-6f9a7692f681,2026-01-29,USD,AUD,2.1317
2a2e1e6a-1bff-46f4-93b2-d1abf4e580aa,2024-10-19,USD,GBP,1.1435
3e2613ab-a98c-49cf-b25f-3382dbad54e6,2026-04-05,USD,EUR,0.8134
ed944378-d814-4be0-821b-390c946f9f07,2025-07-30,USD,GBP,0.7705
8b0901ab-c66d-4eb3-8494-5e091d3ca5a4,2024-03-23,USD,EUR,0.8799
f2f25eef-1f45-4bfd-b7dc-67e030974b2b,2023-12-23,USD,INR,74.6271
d46c5776-4db3-4044-a887-6b7f64694f53,2025-12-30,USD,INR,93.8436
a28e0841-7d16-4228-b589-717e8275b18a,2025-02-28,USD,CHF,0.981
4a4a5612-243a-4f53-aa7b-6a7ca674dd6b,2025-08-18,USD,EUR,0.9138
10b7de33-d627-424e-8f5a-f64ef21b7a7f,2025-10-22,USD,AUD,1.9463
e6d037c6-d2a2-4765-b700-7ce3e25c7f9c,2025-04-24,USD,AUD,1.7391
8198d1f5-6839-498f-accf-147242d7f112,2024-07-05,USD,CHF,0.9701
160a3a13-30df-450c-89e0-8b89ca3e3238,2024-12-17,USD,CHF,0.9881
4bde7d88-3867-462d-9a3b-ce8e4dac49f6,2025-04-16,USD,INR,81.4212
d66f3fff-a93f-47ec-8ee4-3f7fd7680657,2025-08-03,USD,CHF,0.9733
4feeea91-8003-44a8-9c7a-b4e3ee8b09a3,2025-07-06,USD,CHF,0.8556
490ccf97-2b0c-456b-8ab2-0bf4196dedc0,2025-01-09,USD,GBP,1.0122
56fb9a22-e2b6-4f5d-9805-2a559118b0e6,2025-12-18,USD,CAD,1.1362
db029414-48e2-4a53-8954-105b89485754,2025-12-04,USD,INR,94.866
cd4f2875-df2d-4f20-85a4-3113101d759e,2024-10-20,USD,GBP,1.1522
85924e5f-1f53-4b6e-ab11-77367260282f,2025-06-07,USD,EUR,0.8029
cfcae6b9-75a8-41d7-ab5e-ebe91478e20e,2026-03-03,USD,CNY,4.8353
f3bc9a71-07f4-4ee5-ac82-989ffd9cfbb0,2024-04-15,USD,EUR,0.9002
8861fe18-58e2-4888-8a83-81bec85aca46,2023-11-25,USD,INR,76.2169
340155bd-b6ac-4c8e-b977-c7b41e56d346,2024-12-01,USD,CHF,0.948
899df4da-866b-4f44-96d0-0a821564b478,2026-04-19,USD,AUD,2.2456
ec50ace4-80a5-4e65-afa2-855967c96204,2024-02-16,USD,AUD,1.2614
683c3806-c12a-4c55-8072-8ad4002072c6,2025-10-06,USD,JPY,66.6139
2da6b974-47ad-41dd-b768-b54abb0c686a,2025-08-20,USD,INR,101.5587
7c193e6f-496c-403a-86fd-01e69fd33d40,2024-09-20,USD,GBP,1.1857
42a1279b-8bf5-4aed-9904-b887d77b03b3,2025-06-26,USD,INR,92.7467
eededb07-e623-4689-9d59-cd2a4eea04e7,2023-11-10,USD,GBP,0.7805
67fd64c4-a334-458a-abd2-b5121335e5db,2024-01-23,USD,AUD,1.1927
91ae3d4c-6659-4d83-920b-725b17871810,2024-08-05,USD,AUD,1.3866
1a85910d-5a05-4c11-8ffc-a6b199b479d4,2023-12-30,USD,JPY,122.2506
bac8f92f-4653-4bd3-b6d8-11eff388fef7,2025-10-23,USD,GBP,0.6681
ac00f929-bbfb-476c-bde6-67f9bfc46c0e,2024-09-24,USD,CAD,1.5507
4702fe75-5e98-4fdf-8a3a-1171a432cc60,2026-02-07,USD,EUR,0.7761
dc713d96-0c0f-4195-817a-f08a1745d6d8,2023-10-27,USD,AUD,1.2945
59ccc94a-bc1c-460d-bd9c-03c773deaa56,2025-06-15,USD,CAD,1.1871
47d5ac92-0f45-45da-9194-1591b134b58f,2024-10-11,USD,JPY,120.1825
d0b2b078-d393-4f3e-9a5f-838f23ee4016,2026-06-07,USD,INR,93.1578
497ec6d1-081f-46dc-b8d9-a88aef0bea4f,2024-02-20,USD,GBP,0.8943
233e84ac-3e3f-4da0-af98-ad3371d2e63f,2025-01-25,USD,EUR,0.8256
205d8635-cc87-458c-bb57-45dfe0345e68,2026-04-19,USD,EUR,0.7996
ec257a75-421d-4dca-aa95-59080e503fd8,2024-06-25,USD,AUD,1.3914
3ba4807e-4565-4d2d-bdb2-69e56c9dda26,2025-10-19,USD,INR,98.833
34b6685d-acd4-480a-b0dc-75fb199d5089,2024-11-16,USD,AUD,1.3763
bea17713-fe36-44bf-b9e4-21bc1120653d,2026-03-24,USD,INR,92.1337
bb2168c4-a318-4a65-896f-e30824f7e239,2025-12-10,USD,AUD,1.8753
bb3f4297-1033-4eb4-bacf-41f0902fe243,2026-01-18,USD,JPY,66.2232
5230dfbd-5553-42fe-a889-803e5913f9d3,2023-12-07,USD,GBP,0.8352
58bce5e4-d282-454d-8827-02f04caa568b,2025-02-05,USD,CAD,1.5865
105dd35c-7d12-4b6b-87b3-d329cfec1804,2025-03-22,USD,AUD,1.8563
2e2d0681-a8b2-4070-9b18-72ac78c4c27f,2025-06-30,USD,CHF,0.8354
f3cecaaf-71a2-46c1-b3ca-b4e3bbc3553b,2025-12-11,USD,CNY,5.5764
01c4e229-7cc7-4b17-a9c1-84ce1fb426c0,2025-04-05,USD,AUD,1.8649
e43f05c8-40a5-42f7-b62b-9f628ced48ea,2025-04-14,USD,JPY,83.3804
37809a0a-4098-4e31-97f3-b054e266c16f,2026-01-14,USD,AUD,2.1831
b43bf88c-c6f4-4468-8d78-e1c84f4ff145,2026-01-28,USD,CNY,4.9465
0cf173f9-74d9-41f5-8877-58043fde9814,2024-05-07,USD,CAD,1.5866
8f97b21d-028a-4f1c-92b1-2838639e8bbc,2025-05-15,USD,AUD,1.7715
99155bef-28c0-4e9b-960b-63a92a36856d,2026-03-08,USD,EUR,0.7642
f68c62e6-e2a4-4909-a2dd-22d52afaab7b,2024-04-25,USD,GBP,0.8649
113145d2-4346-4ce5-8895-d134acb4b5c3,2026-05-24,USD,CAD,1.007
8aacb783-d48b-4d0d-be1e-70bc03c61e18,2025-08-11,USD,INR,98.5255
420079f5-1dc3-426e-bb62-659e0700749a,2024-07-06,USD,INR,65.8006
57423882-f34a-4949-b4ca-0ad7abe5be96,2024-05-29,USD,JPY,123.6856
6c99ce56-a58a-4bb5-9f19-30e0cda7a451,2025-05-03,USD,INR,87.0013
bcb3636d-7fbe-4bb3-b0ae-d12de8f10194,2024-07-08,USD,CAD,1.6646
7259f45b-25ca-447f-be33-ebd7e8e91639,2026-01-06,USD,CNY,5.2874
92a81713-b90e-444b-951c-25d54d4c5280,2024-02-16,USD,EUR,0.857
98a91187-6c7a-4c9d-b237-64bae202f022,2025-05-30,USD,JPY,79.0719
ef15b821-ade6-4f3c-8c2a-261d5d7233db,2025-03-14,USD,GBP,0.8697
8412a335-d88c-456d-b61e-5fdb1a435206,2024-01-15,USD,EUR,0.8588
8a39068b-cbed-4473-a3eb-f7c10723e11e,2024-12-30,USD,CAD,1.4493
f1abf7a0-cd59-4b8c-a362-7835555df8c6,2025-04-27,USD,CNY,7.2183
cfd42949-e33e-4976-9862-5813b28d7506,2024-12-29,USD,JPY,94.1925
517400f8-0b2c-482a-a928-8e92c68a152f,2023-12-12,USD,EUR,0.9037
f4852088-e97f-4025-a2e1-17986b65450b,2024-10-31,USD,EUR,0.8471
0f5c365a-27e8-4b87-9c7b-f8eb4969b2a1,2025-05-01,USD,CNY,7.2818
01572a56-e4ae-485f-a3fb-e8f2cf5cbd7f,2025-07-04,USD,GBP,0.8402
7796048f-b4b9-4b73-a9de-bccc429e09bd,2024-12-06,USD,INR,83.4074
84222f58-f022-44af-bb76-4637d277ab64,2024-09-04,USD,CAD,1.5589
37850b5c-3ce5-488c-be53-d702e1f8d192,2024-08-25,USD,CHF,0.9538
5b29317a-6675-45e2-b177-3294a4d21eae,2024-11-10,USD,JPY,108.245
ba751921-2833-48ea-9c94-563ae9365d1b,2024-12-24,USD,INR,83.9511
0426fe7b-0604-46dd-b0e5-ce91d082b3b4,2026-01-25,USD,CHF,0.7754
b67af865-cfc3-445b-9464-cda8dbf7fa26,2026-03-29,USD,AUD,2.1845
baaeebf8-9a24-4525-abbe-2bd65a1341e7,2024-11-28,USD,EUR,0.7937
bef0e0f1-1791-4e3c-8c75-70cc8e32ebbf,2026-05-23,USD,AUD,2.1999
eeb687c3-b8a6-4bf6-b3d5-4f3e635b36bd,2025-07-16,USD,AUD,1.902
e8956041-1e71-4fa9-b815-c7df0f2c01b7,2024-11-04,USD,CAD,1.4347
be5f902f-b58a-4738-8166-72213063ae7f,2024-06-29,USD,CNY,7.2866
da78f4c5-26b3-403a-a575-13a5447a4e2c,2024-12-23,USD,CHF,0.9806
1064005c-3985-43cf-bf76-be1d1efa2197,2023-10-31,USD,CHF,0.8955
b04816fd-fd86-4a13-809b-d8134f13823b,2025-03-15,USD,CAD,1.4934
3c53090e-e1b4-4171-929d-674d798e175f,2024-05-01,USD,JPY,129.4751
8906a4e2-460c-4c89-8da4-0209cd698214,2026-03-19,USD,GBP,0.6102
37eb9827-869c-444f-91d0-dc7af56ccffa,2026-06-20,USD,CAD,0.9606
9eead5de-f5b5-477f-841c-4ba30bb90921,2026-06-13,USD,CAD,0.9536
1f3cea1d-2271-47ca-b887-73ed4af715b7,2024-08-28,USD,GBP,1.1448
65bf8e04-ae3c-4ce6-bde6-849b468b22af,2024-06-30,USD,CNY,7.3857
254c5028-8a6f-4508-8d0f-e9b5b9e826d0,2026-01-20,USD,CNY,5.1448
1e6773d7-f3aa-472b-abf4-5b9d5e8c8bbf,2025-01-03,USD,CNY,7.2487
ec2c4f79-d249-48d2-800d-f7649d46ea9a,2026-03-09,USD,INR,93.7359
02b622e9-808e-48d2-9d26-4b1b6593b659,2024-06-20,USD,INR,67.8066
efef1246-16d4-42f7-bb6b-c3b774309740,2026-05-24,USD,CHF,0.7615
a19ccc9a-b732-4e2b-94a4-2bf0b96a5305,2026-01-28,USD,JPY,65.721
a8c12f22-78ea-404d-9b6b-09920d2a9d7a,2025-07-24,USD,EUR,0.9031
e42c0aea-23d7-463d-9391-d017dbd4a86d,2024-06-19,USD,JPY,114.1349
c94b3a6f-72ef-417e-baf8-34f29aef9aec,2025-07-25,USD,CAD,1.1462
2575dbd1-45f3-48a4-872f-a86e55616496,2025-03-27,USD,INR,79.6497
2ff8107a-63ba-4d86-9b0e-70ad922bda48,2024-09-02,USD,AUD,1.4015
02bbc915-9fc9-453a-ad32-1036fa6e8103,2025-12-21,USD,EUR,0.8663
98a0db61-0fa9-4695-89fb-4d4bc3254bc3,2025-10-23,USD,CNY,5.1558
8f040721-e5a5-429e-8b8c-1d76303c1503,2024-11-01,USD,INR,77.5059
179d9ae3-14fa-4d50-a97c-4d7dd4147d03,2025-01-01,USD,INR,89.293
703c1286-b717-44cd-a002-91bb44e9f8fb,2024-07-22,USD,CNY,6.8716
4fa3baf6-48f3-48ba-a697-64976cfb6acc,2025-09-09,USD,CAD,1.1113
81145252-c4c3-4368-bbc5-1a50787cb0d3,2024-10-13,USD,CAD,1.4472
772d416d-da05-42fc-9c71-a82122f1c32b,2024-10-11,USD,CAD,1.4325
a87d21ff-f1fa-4e6a-ba23-6dbb6c4d1774,2025-03-24,USD,GBP,0.831
61a73056-5114-4a97-89cb-c14823b1d124,2025-12-29,USD,INR,93.5569
dde630e0-cbee-4346-9d1c-153ef6ebcacf,2026-06-16,USD,AUD,2.2503
37df8dfb-421a-4d96-b5f1-e04bc5fe21d6,2025-09-02,USD,GBP,0.7187
ed86a0c9-7dea-4676-bf6f-b946e10d1490,2026-03-07,USD,AUD,2.0742
043486c3-a64d-4c1d-96f2-83191a936d0c,2025-05-19,USD,CNY,6.9716
bed63da0-8033-45c2-9413-d64db962c8a7,2024-03-06,USD,INR,74.4236
fba6abf7-cdbc-4653-b7a7-e8b75e70f65f,2024-01-27,USD,CAD,1.3174
56685b02-7387-4896-83d0-81781d05ddbf,2026-03-22,USD,CAD,1.0279
97154633-9d4e-4b71-ab2e-c80e4c255823,2024-03-20,USD,GBP,0.8594
ba2c98ce-0b19-488e-9d77-a45ef206c269,2023-12-26,USD,AUD,1.2892
58f1a399-fbc7-4e98-b7ad-0afc5f429866,2026-01-21,USD,GBP,0.6319
cfbba84a-80b5-4013-bf29-c9e75601f6a5,2024-11-16,USD,CHF,0.9613
26f341c8-04f7-48c8-9215-b5033012f819,2024-07-22,USD,CAD,1.6349
8f15ba58-fce6-4504-87f8-424daae65fc1,2023-11-18,USD,AUD,1.2984
e27718c5-737d-4fb6-9113-76e038d77b9a,2024-01-15,USD,CHF,0.8181
dcb91d5f-593c-472b-8347-dbca7321a8b2,2024-03-23,USD,INR,72.4172
3c243b45-d1fd-4711-af1d-80eafb91fb90,2025-06-26,USD,CNY,6.1279
28ef2f46-f323-423e-9cb0-c90c82fc9294,2024-08-24,USD,EUR,0.8626
b440b852-e033-400e-a432-62b38675820e,2024-08-20,USD,CNY,6.7521
7a768555-a987-4218-bf84-faef5336723b,2024-02-08,USD,CAD,1.3703
1b552618-e57e-42d3-a3dd-e733b225574e,2024-10-01,USD,GBP,1.1473
dd20c3bf-d342-4f08-8a8b-b5b490494583,2024-01-30,USD,CAD,1.3312
ae11d3c2-3130-4c8f-920e-0734564d46aa,2025-02-17,USD,INR,83.5083
2da5ba63-d3ff-4631-a2dc-b06c8c85328e,2026-04-19,USD,CNY,5.2032
1d3ea32c-7e54-4a1e-ac30-4971ecc11ecb,2026-03-03,USD,CHF,0.7539
5fed5cb7-a6e8-4b4f-a5bb-7f3b687bb3ce,2025-07-21,USD,INR,96.5057
deef7995-1f88-4ed9-8efa-bf951227557d,2026-05-06,USD,JPY,66.3622
ef69a980-5ad4-49ef-a36f-a890cc21cbdb,2024-04-20,USD,JPY,124.8023
58fde70b-df91-47d5-a055-25c64bb3e035,2025-10-31,USD,CHF,0.8885
1a5ca752-2705-4d96-97b7-32b313d579ae,2025-08-20,USD,CNY,5.6765
fc377a4c-4a15-444d-85e7-ce8a3a578a8e,2023-10-24,USD,CHF,0.9275
cbb18c79-1036-408d-99a0-90075bb47c18,2024-03-27,USD,CHF,0.8649
6b2b0c27-1eec-4480-aab1-803803f89c7b,2025-07-26,USD,CNY,5.7415
3bc5f97f-d173-470b-ac99-3c800b7d1856,2024-08-10,USD,CAD,1.5913
edabddab-7dcc-4026-a7df-30b2356fdc0a,2024-07-31,USD,CAD,1.6287
282fbcce-8e25-4e3d-a1cc-06e5a03a5196,2026-01-06,USD,INR,90.5743
42803aa0-55ac-4d06-be9d-a9517329af6e,2024-07-13,USD,INR,66.5938
8d87b7be-271d-40f1-8985-c98d985defc4,2025-02-26,USD,AUD,1.775
b3efbaa9-05c6-4c4d-8523-19ae45ec257f,2026-01-18,USD,GBP,0.6218
44482593-e232-4c25-bcd6-2aba93c1392f,2025-10-28,USD,CAD,1.0548
f5c9b047-9c10-4572-8f6b-40d09efba58b,2023-12-03,USD,GBP,0.8284
37f25d36-8bdd-4ee3-b0fd-6672b80f16c5,2024-03-23,USD,CAD,1.4722
8373edf3-dec9-4438-884f-f1a7af481fc0,2025-04-15,USD,CNY,7.1194
835c3541-6f93-4e2a-95a3-40d94fc9663f,2025-01-25,USD,JPY,94.3631
e71594ff-d6a6-4618-8eb1-8c8843b63613,2025-05-21,USD,CHF,0.8905
366eb16f-508e-4ad7-b7c9-3acfe059a0ee,2023-10-26,USD,AUD,1.314
2312271f-e55b-4c65-90ae-41e41a6ad169,2026-04-10,USD,CNY,5.3055
3f30ea12-cebc-4264-9ad7-5b94663463e9,2025-02-11,USD,CHF,0.9879
83a64431-d83e-4704-bc29-9c682138fe3c,2026-06-14,USD,CNY,5.3613
a9151364-778a-469f-8b68-d94d40da9c7d,2024-09-26,USD,AUD,1.3607
75757602-2d02-423f-ad25-32e51d0678b7,2025-05-18,USD,CNY,6.9958
f01a5097-9ed0-4e5f-b3bc-57914882f6eb,2025-05-19,USD,CAD,1.3728
acdfe0ff-c5ed-4982-b60b-36736422a73e,2024-09-24,USD,JPY,114.1599
e1d5c0dc-3ea5-45a9-81ae-c50599a04abb,2024-08-26,USD,EUR,0.8633
8ed6ad5e-1831-4aa3-9466-9d1910df9974,2024-01-10,USD,EUR,0.8636
2bfaba2d-dafb-4997-9352-8440023d35cf,2026-02-22,USD,CAD,1.0855
d4022243-ec35-4b0c-9612-66fbe4a6bf51,2025-07-15,USD,CHF,0.8726
291c9094-cb2c-4efb-84c3-b30d435f59e6,2025-11-12,USD,EUR,0.8838
7eef09ab-da14-4a47-b823-51d9d94df188,2024-05-27,USD,CAD,1.651
402758b2-f44c-4255-aa07-a49fc8803bae,2026-03-14,USD,INR,94.327
6ee35607-92ea-4324-ac93-e5962b015723,2024-04-16,USD,INR,70.1493
8897c497-0bad-4234-b953-70c02bcdce43,2025-04-17,USD,GBP,0.7979
25dccca2-054e-4210-a3c9-f400ba6c557c,2025-06-16,USD,CAD,1.1966
d12b32e6-7d53-4cdc-9790-6117ed1d4adb,2026-04-13,USD,EUR,0.8105
16107d90-28c2-4491-ac83-995b53f0a378,2026-05-31,USD,AUD,2.165
dbf11941-4ad6-43d0-9b81-ce242582bca6,2025-09-30,USD,EUR,0.9074
397a284f-76a4-479b-bd67-34588f2d0b17,2024-10-28,USD,CNY,7.4076
5b7e24ca-722b-4439-b869-d3c9d743b5a8,2024-10-24,USD,CNY,7.1802
9b72a9fe-669e-498d-a3e7-3896c784ef4b,2025-04-16,USD,GBP,0.7976
a91decb2-51a3-421b-b4d1-183f76f8ef17,2025-08-06,USD,CNY,5.8242
09791408-7768-4441-8245-59a5709de505,2025-07-18,USD,CHF,0.9047
9174b136-8c0b-4c3f-ad4a-125926d24d46,2026-03-02,USD,INR,91.0948
5fa5e0aa-9b11-4530-bd24-7c11bf6b8cdf,2024-02-17,USD,JPY,121.2691
c7774fae-6137-48c3-9c7f-aca62e671784,2024-05-25,USD,GBP,0.9264
57d337d3-4fd8-4bbb-992c-11072444d301,2024-03-16,USD,CNY,6.7799
9564d4c1-aedb-4262-9d95-b4d7570edab2,2026-01-31,USD,GBP,0.6495
d926fe41-b36d-4121-8ba6-fe0995ea6825,2024-06-13,USD,CNY,7.0839
2906567d-d28b-429a-bb1e-5e1324cf8629,2025-11-04,USD,GBP,0.6763
52891c31-f2de-45fd-a8b7-b5418d8b3728,2025-05-24,USD,EUR,0.7854
635a11f2-5c7a-483d-8a9d-2704e860bcb1,2024-06-22,USD,JPY,115.1194
5024bdc6-dcb3-4df3-93ee-cdc6ebd14d2c,2024-01-04,USD,GBP,0.8635
81ef8162-3953-48bb-883e-00325fe8a7f4,2025-05-21,USD,CAD,1.3436
f88c2664-01bc-475c-9cdc-23fc50805bbf,2025-11-21,USD,CAD,1.0567
2ab9aa52-685d-4acf-afd6-b83c86022833,2026-02-24,USD,CNY,4.9274
a6091ad0-b114-44aa-92f6-9081400564b8,2024-08-23,USD,JPY,110.7915
7da2fb48-d14d-4890-b5db-ed2c3d4caf01,2025-11-27,USD,CAD,1.0357
044251db-d0d4-4a67-b992-8faa4cbf131d,2024-02-06,USD,EUR,0.8321
a885f19e-dcac-4096-8595-7a60194d397d,2026-04-07,USD,CHF,0.7585
61cb0527-72e5-4892-8c1c-7204ed5e749b,2024-09-23,USD,JPY,113.9947
c0d2201b-26cf-4e04-bed5-e52eaa3d2111,2024-12-26,USD,JPY,95.2471
eee5b33e-2dd3-4f8e-9fcb-f48261e8baa5,2025-08-24,USD,CNY,5.6227
fa82f65d-6e1b-4be2-8a20-8c075c8aca1b,2025-05-13,USD,AUD,1.7435
e6426f0b-8869-472a-934c-0a09ada59cb2,2024-10-18,USD,JPY,118.98
7a0ffa86-5eac-415d-b274-2e763b6becb7,2025-08-14,USD,EUR,0.9172
0d5d2f64-8f2b-492b-8e48-4034ad74dd43,2025-01-23,USD,GBP,0.9406
ba05dd0f-a966-4a5a-aecf-1ed21861c9f3,2024-05-26,USD,CHF,0.9707
79ba19db-6be1-410b-a8a3-df6e02059f80,2025-09-03,USD,GBP,0.7167
277eb0aa-a247-441d-88ad-0899b630794d,2024-03-08,USD,AUD,1.3469
57bcad3a-d0a1-4fe8-9f64-2a5317cba85d,2024-05-23,USD,INR,70.3166
15c52392-44e8-41e1-bd86-9ad2084930a1,2025-05-04,USD,INR,86.4985
bbae2fbd-bc99-4291-9342-98bebe2a85c6,2025-05-16,USD,GBP,0.8055
53f42383-21b7-4e70-a647-bcfcc2886352,2025-10-28,USD,AUD,1.8696
34da1f50-b1a7-4e09-861a-1396716728ee,2025-12-13,USD,INR,94.6663
569b111f-15b4-466e-91d0-12a7f19293c9,2024-12-27,USD,JPY,95.265
7e45fee4-6ea8-4b32-a38d-9fb071c487bc,2025-08-02,USD,GBP,0.7471
8fddbebc-f7ff-48d4-b509-f08a2c988bca,2024-04-23,USD,CAD,1.6352
60a399d4-e821-4716-aac8-0da1de9f6f5b,2024-02-20,USD,CNY,6.2436
9c03d65c-ed8a-428c-b756-999b251adf0e,2024-10-10,USD,CHF,0.9564
379d58f9-dc26-4108-b140-11a1afc2ccfc,2024-04-01,USD,GBP,0.8484
25e36ccd-dca5-44f2-91bf-c946205474fa,2025-06-06,USD,CHF,0.8994
aa2fd9d1-b5ad-49f5-9161-a3816ea4b405,2025-02-10,USD,INR,84.9491
406bf02d-a97a-4f4e-bc10-871bba4f4b03,2024-07-16,USD,CNY,7.0677
b062166c-79db-43f9-8b4e-c2ee3dbff049,2026-04-12,USD,CHF,0.7435
217bc29e-ec95-43e9-a1fa-246624f982ec,2025-01-30,USD,CHF,0.9602
8c813e53-97b6-4461-ac76-04c1177d8b26,2025-02-24,USD,AUD,1.7732
df3334c6-9823-4b06-991e-a7e6afe2a940,2024-09-05,USD,EUR,0.9169
934fa5c8-8ac0-48d3-a0d0-2f5a24d6281f,2025-12-25,USD,CNY,5.4364
293572d3-fb63-43cb-8c35-bf2dec4fa141,2026-05-23,USD,INR,99.0698
9150d9b2-2886-425e-b741-12a5f1dde1f6,2025-09-29,USD,AUD,1.8909
dcffd7b6-361c-4373-a11b-20eb91b45e06,2024-12-10,USD,GBP,1.1262
705faecd-2edf-402e-b531-8081b4effa29,2025-03-30,USD,CHF,0.9403
c03832d0-4ab4-4a29-8dd5-16c85e8354da,2025-09-19,USD,AUD,1.8606
5780be17-12fe-4c2b-9acf-42c5f3a02120,2024-04-27,USD,EUR,0.9261
8ab171e0-e657-4d38-8793-acb12afcc87e,2026-06-07,USD,JPY,63.9639
71980a55-f224-464c-bd11-b3ff991b749e,2025-02-22,USD,AUD,1.7623
ec2c1148-d67d-4117-8c77-15050f95e5dc,2026-06-30,USD,GBP,0.5216
7412c272-02b7-4c51-9fbe-ffb3a8e3ac9b,2025-01-23,USD,CHF,0.9162
e226a768-de0e-4c53-8ae0-fd7a04e25132,2024-08-13,USD,EUR,0.8836
43d643ed-236e-4832-a7f6-a2ac5b0c4170,2024-08-05,USD,GBP,1.1577
b2a6e468-d02b-4243-8091-3ac10463750e,2024-03-02,USD,INR,73.3301
a075e927-5110-4492-b442-7e0b61484bb3,2023-12-13,USD,INR,78.333
867772d3-ee7a-4de6-866d-fe25f31dde25,2024-11-23,USD,JPY,102.5523
55cf37ba-e989-45f2-abbf-1e35c4acb57d,2024-08-24,USD,JPY,111.3451
851ab93f-297e-4f2f-837c-e599c1c353c4,2025-08-16,USD,CHF,0.9474
f0d1701b-1ecf-4d89-b5aa-d597c1b0f44b,2025-10-21,USD,CAD,1.0815
9b08725e-e1ea-40f2-8c52-b95c2146e7b4,2026-06-03,USD,JPY,63.9783
7b5aaea7-fd77-419f-a40e-78ce0690b4f3,2026-07-08,USD,CAD,0.9756
5893ef12-ab3f-4d22-9d5e-6aee0240f59a,2024-06-10,USD,EUR,0.9189
0463aa5e-222c-4fd2-a7a1-66d270293dbb,2026-04-06,USD,INR,88.5226
025ec446-663f-430d-ab0b-b4578c0dc409,2025-08-17,USD,CAD,1.1696
0ab2e2ca-73a5-4d2e-8e1e-7525e957967a,2025-01-12,USD,JPY,89.7321
83b5ad03-c4bd-43eb-a7cc-427447808b87,2025-10-30,USD,JPY,65.1498
b91a7793-5e7a-4fce-b530-57b9295026e5,2025-09-24,USD,CAD,1.0705
ddd1dfb2-3b98-4ef8-9af6-1a26146d3f31,2023-10-24,USD,CNY,6.4931
bf2d57e1-30f0-4f6b-973a-905867d1cb6f,2026-04-02,USD,CHF,0.7793
21366a4d-01a1-496e-bf34-d88926530bd4,2026-06-19,USD,INR,89.0986
ba5e4066-ce40-424a-a9ee-29f449e3eb48,2024-10-26,USD,INR,77.2641
ae864837-ccc1-4250-bedd-84838cd4e7bc,2025-04-07,USD,CAD,1.388
e6ef3a0b-dd1e-4932-b5cd-dc34920ee451,2025-12-02,USD,INR,96.243
6b2afb3a-1b38-41ad-8b21-cf12a284598a,2026-02-01,USD,JPY,64.437
f8b03457-ad7b-43c5-b2f0-b15c554047fe,2025-10-14,USD,CNY,5.4594
e8780458-ab48-406d-ae8a-457fc712cf67,2025-11-10,USD,CNY,5.4318
ff69723d-584f-485b-a697-384d801e8690,2024-03-16,USD,JPY,125.1172
48603b32-b4fb-4eb9-89c1-3de73b4206c5,2023-12-04,USD,EUR,0.915
3a3e46b0-96f8-4ff7-81a7-2883f8802878,2024-04-30,USD,CNY,6.8167
cfd7f3b9-c68f-4ba5-9e0d-02b5fe7402cd,2024-03-24,USD,GBP,0.8983
c77ae3b1-20d1-4ef1-9861-919d98a0be4c,2026-07-07,USD,GBP,0.5108
9854ce4e-4ebf-45c3-8ae9-b4a72a79ea68,2023-12-05,USD,EUR,0.9228
3efa528c-34b6-49da-87a9-efafb92ab1b7,2025-12-12,USD,GBP,0.6261
4a00ae99-8637-4844-b570-7bd6bf922ea5,2026-04-05,USD,CHF,0.777
0b49452d-46d4-43f3-9450-281c6c6f7633,2023-11-09,USD,EUR,0.8934
c27f9590-333c-4c30-b4a1-1999dfcdd21a,2026-01-13,USD,CNY,5.1708
01f239e4-3965-4c7a-82ff-3b13d32a27d1,2026-06-11,USD,GBP,0.5372
8aa6b006-436a-4b9d-91c5-6a004bb13407,2024-07-28,USD,INR,70.3995
ef5e0d74-fe2e-4c0f-9c68-a6142644b6f9,2025-12-18,USD,INR,98.2893
fbda05ae-b270-4103-8fd6-b161c49968dd,2025-01-16,USD,JPY,93.8643
afb144b5-624d-4ff7-81c8-d068931e5f89,2025-09-10,USD,AUD,1.7796
924e48b4-504e-4b66-874c-146ccea6c978,2026-05-19,USD,JPY,62.1079
a0624c48-d713-4c2e-a001-965b66f89b87,2025-12-11,USD,CAD,1.0976
229da816-d113-4946-bcd4-2854b6630e4c,2026-04-18,USD,CNY,5.1478
71305648-a6eb-4702-9e41-8884c9d0c0fc,2024-12-29,USD,GBP,1.1165
b81cc43b-f99a-4620-aee2-f9bf8ad303b1,2026-06-02,USD,INR,93.6853
d8914adf-341c-412a-a249-1260107e528c,2024-11-20,USD,AUD,1.3534
b972393a-5bb0-4d76-a0b5-7717b072afc8,2024-07-27,USD,CNY,6.9163
7885187d-18fc-43b7-8b35-6e9a2e5eeb6a,2024-05-13,USD,CAD,1.5648
eada79a3-4970-4d9a-89ce-3cfb2339ba19,2024-01-16,USD,AUD,1.2465
e2eed64b-82f4-4196-9a41-c57f4bf70dc6,2025-04-23,USD,CNY,7.2519
054046cc-16d5-4b84-a61f-7117dd926cbf,2024-12-10,USD,INR,84.3468
d7ea8625-11c3-438b-b0c6-9b42df0ff647,2025-12-07,USD,CNY,5.5943
e5865a54-7e1e-45dd-adb4-f81c8a55b7c4,2026-03-08,USD,AUD,2.0665
70b6052f-b2c6-4986-bc2f-db76fa584a4b,2025-07-14,USD,EUR,0.8928
ca9128fb-c094-4932-92cb-8f692182b518,2025-03-17,USD,CNY,7.3689
2b94906d-d252-4321-8f64-710a5dbffb1f,2026-04-24,USD,INR,95.2075
ae8e8200-c5c7-44b4-88c5-3b179733b490,2026-06-01,USD,INR,95.4301
8257909d-5e3c-4f18-a1b3-9d6494e2a33d,2026-01-12,USD,EUR,0.7985
2f8a637d-f330-4c59-b50d-456e19412cae,2025-12-01,USD,GBP,0.6791
a03e7003-e29c-4897-9429-25a0768e212d,2025-05-06,USD,CNY,7.1802
4580dac2-0818-4965-b5b8-135150830841,2024-09-02,USD,INR,71.4768
d038e153-c601-418b-a1fa-01ba231ae7c7,2024-03-31,USD,JPY,118.9073
9c7c7377-79a2-4903-bbe3-3b243eae0032,2023-11-17,USD,EUR,0.8842
ac5e1ec3-e1be-4ed9-b483-518e458fa881,2026-02-16,USD,CHF,0.7835
3dc559fc-5cd0-494c-9d76-3717995b2485,2025-11-07,USD,CAD,1.0418
9e91a71c-7374-4cbf-978c-57d3508850d3,2024-03-21,USD,CAD,1.4434
84182d35-3e71-4433-bd90-b81afbe0e6b8,2024-03-17,USD,CNY,6.8421
9af4ab8a-8908-43f9-9619-5c4f4db1f8cb,2026-02-07,USD,CAD,1.1538
6d744a0b-3f2d-49c8-a338-e5797521aa18,2024-08-20,USD,GBP,1.1447
7222534d-b309-4e0d-b0ac-0677d60f8680,2024-09-07,USD,CHF,0.9636
c4196c8a-c44f-42a8-9a4a-96aee987cfb2,2025-08-09,USD,CAD,1.1619
0f1259e0-a18f-46b6-b535-106e122c9a56,2023-11-01,USD,EUR,0.8932
f929eda0-bf30-470d-82a5-af9b522326bb,2026-06-22,USD,CAD,0.9659
12fe28bf-81e0-4489-9a18-e2a30e614bcd,2024-01-07,USD,AUD,1.328
257c54bc-4024-4424-aef2-ab2f495fa2fc,2024-06-04,USD,INR,71.2462
b800f540-7f69-43af-a921-3dfa86e979fe,2026-06-27,USD,CNY,5.4311
852393d7-9a5d-476e-a02b-a25601dbeb73,2025-03-06,USD,CAD,1.5035
0c995e2d-a7a9-48ab-903f-3a468d8a7957,2025-08-09,USD,AUD,2.0637
424d9430-b724-49b7-b10b-7fa9e9a0c20d,2024-09-28,USD,JPY,116.5452
2bee2fff-8b5f-43fe-b75d-dff45d123e9b,2025-03-24,USD,EUR,0.8173
a9217ddc-3cea-4f89-a217-3b7fc536d2ce,2024-09-21,USD,INR,68.988
c08fe6d7-b361-470a-ab49-acc635e574e0,2024-07-11,USD,CNY,7.3665
8037b969-7946-4eae-93dc-00ee9203c5d2,2025-07-04,USD,INR,95.3905
f6558f35-244f-45c6-b489-0e8ce65dd443,2025-06-13,USD,CNY,6.1958
a7fc1bad-76ca-4cbe-834f-b3a955849e58,2025-09-22,USD,CHF,1.0048
f4fd25b7-384f-4e3b-8680-4a8a515f352c,2024-06-08,USD,INR,70.1872
935f2b0a-a138-4ddc-a2d9-de5d6a18ce4c,2023-11-17,USD,JPY,112.1785
5ed560c3-7afe-417e-8f9b-6d33be00565d,2025-12-28,USD,AUD,2.1196
c5a0b7c3-e132-4e39-9891-b0a4b4d4813a,2025-11-25,USD,AUD,1.8842
db872c8f-0551-4102-b6ef-66e43e61d359,2025-11-16,USD,AUD,1.8533
e798d9bf-4ce1-4a16-b3cb-3b3fa6f90864,2025-12-13,USD,GBP,0.6269
95dad216-a6cd-4e3c-ad13-0705279f91ab,2024-06-30,USD,CAD,1.6537
e041f0a3-3056-487f-a8f2-6d6384bed7ed,2025-03-02,USD,CAD,1.5257
b18753e6-d457-4ad9-a867-a096edd877c8,2023-12-31,USD,CAD,1.2138
f3310760-87e6-4238-ad59-2953e24297fc,2026-04-16,USD,AUD,2.2374
b4c70241-990c-48bf-8197-8cb867218261,2026-05-13,USD,GBP,0.6042
8b0a4802-bd64-48d6-b757-ec69c09c3207,2025-02-05,USD,GBP,0.892
0fb49d98-7aac-4a0a-ad13-4ea8560fc071,2025-04-10,USD,INR,81.526
bd20c36a-2705-44cb-a704-b1152a85e3b1,2024-12-18,USD,EUR,0.7968
1578d709-48f9-43d0-9fea-e1e0d9e604b3,2024-01-15,USD,GBP,0.8745
310c0c00-3fa7-4104-9bf9-0e27dc96925e,2023-11-02,USD,CHF,0.8881
45f18619-54f9-4429-a7de-02ccdda4f4a7,2024-01-21,USD,CAD,1.2809
71b2b47a-b661-4c50-a895-b96f14fdc3a7,2026-02-16,USD,GBP,0.654
51c680ca-57a6-4460-9b66-f3d3e6afcce9,2026-07-09,USD,CHF,0.7822
f065c817-687a-4850-9d9b-62317d45d8ef,2023-12-23,USD,EUR,0.9086
d02c75f9-198d-43a4-8cd2-0e4376dae194,2024-05-22,USD,CNY,7.1676
a22eb45b-1986-433d-8b73-aba7ed5edfa2,2025-05-20,USD,GBP,0.7981
90a67567-23f2-468f-876a-25332d91ac23,2025-08-31,USD,GBP,0.7336
7b7ce7cc-f950-47fa-a8b5-8db58c466308,2024-09-10,USD,CHF,0.9688
573bfc17-2167-435e-8e73-34f233932b6c,2024-04-21,USD,INR,69.7985
6e6b34b9-07ef-4ba8-b45a-6ab37b94a34d,2024-04-27,USD,CHF,0.9116
517fd316-20e5-4866-a338-0b421887fa69,2025-09-07,USD,AUD,1.7623
c7f7040b-8718-4322-b43c-6de656fdc504,2025-10-17,USD,AUD,1.9541
5c3552b3-9437-4280-bfd4-67e77491050c,2024-08-27,USD,AUD,1.3977
d294100f-823c-434a-bffb-d93b2b15619e,2024-12-07,USD,INR,82.5519
5e99c568-09c7-4e3d-9a98-5b74ceb3c70f,2025-08-26,USD,CHF,0.9199
f9723977-52c0-4f9b-9f16-eb702219b7f7,2024-12-03,USD,GBP,1.1417
af0f134e-02a2-4fcc-984e-e3db691d8bea,2026-01-29,USD,EUR,0.7797
f5141058-3138-4975-bbf3-3a349c2dfa97,2024-02-09,USD,GBP,0.8704
3c48c936-4305-4a31-b9e3-89054a4a15ea,2024-12-02,USD,CHF,0.9484
59e110eb-1f09-4b9d-a969-29b20513eda8,2024-07-14,USD,JPY,112.2689
00684d9c-d2bf-4c31-805f-6a69570078c1,2025-09-08,USD,CHF,0.9369
d8e06ea2-de5e-48e5-bb3a-3e15ef1920da,2026-02-27,USD,CNY,5.028
7701f7bb-7bc6-4e1f-864e-e6e389c5b31a,2023-11-27,USD,EUR,0.9048
82330e6e-b89c-46e9-9d39-b50542696d14,2025-09-30,USD,AUD,1.8943
f47bffba-f561-4747-82d2-2c7408ea6671,2025-09-09,USD,CHF,0.9356
e835f080-d951-4f98-a79f-2f429256d707,2024-07-15,USD,CHF,0.9665
04ffeab2-cb7b-4b3a-8b2d-158acd5ae324,2024-04-18,USD,CAD,1.6013
f8d78cbc-5a5d-4cc5-9f98-2a0dac184ef9,2025-01-15,USD,INR,88.2653
84372286-f4ea-4fa5-935f-d8d22839d888,2025-10-09,USD,GBP,0.7064
5a304528-0b59-4562-a227-219f551ff086,2024-01-19,USD,CNY,5.8104
fe08a540-ef7e-4940-b568-757413caaeb6,2025-07-23,USD,CAD,1.1441
945b3711-0a85-4722-b0c9-5ec44f2fcfd6,2025-06-18,USD,GBP,0.7937
30799b56-576f-4264-9182-e8e7c9070c97,2025-01-26,USD,CHF,0.9314
d86f4bb4-aefc-4ef1-84bb-4aced0c8da67,2025-02-04,USD,CNY,7.6226
c249f59a-9dc9-46df-856e-3d783b8c0f84,2025-02-21,USD,CHF,0.971
db6a34ea-c3a5-4237-81b2-16cf9d23c3cf,2024-07-09,USD,JPY,113.7542
b5e9489c-a331-44b0-b181-38900e592949,2025-08-27,USD,JPY,70.2074
9620bee6-6406-4ace-93a5-e8508950ddd6,2024-04-05,USD,EUR,0.8904
d0f7c7b0-1708-4bbd-b106-e8ce5b9a289a,2025-01-16,USD,INR,88.3067
ee1eedbf-4634-4607-b260-a3ed02dec88f,2026-01-16,USD,EUR,0.7823
48769153-c688-43fe-9255-5c758d55119e,2024-02-27,USD,CNY,6.306
dae13a7f-ff97-49f7-a34b-20fdff7ca58f,2025-02-05,USD,EUR,0.8115
b1eedf64-090b-43ed-aae1-d0bc4a099088,2024-09-19,USD,CAD,1.5531
a5b13afd-af2c-40ac-9539-22c05ea0942c,2024-12-02,USD,INR,84.7673
c2b8efc0-d76a-44da-8fbd-b62246c9ae33,2026-03-29,USD,JPY,64.0841
f392b60b-64c5-4e2d-ba41-348a7f3dadbd,2025-08-13,USD,AUD,2.0081
9c2e58de-ea4e-4617-93f8-382b8fb864e4,2023-12-21,USD,AUD,1.2792
286ed390-edd9-4a1a-ba58-5b278ce3e7c3,2024-02-12,USD,EUR,0.8413
37663e35-cdba-4cac-be85-f617f17e993d,2026-01-01,USD,EUR,0.8425
2b39e995-c13e-40d3-823a-0b12d6baf0f2,2025-07-31,USD,INR,96.9011
3ae61863-a544-4d55-93c7-f140ea224efd,2025-09-08,USD,INR,106.6954
869d4cb7-b7f5-455a-839d-08d01e0aaf12,2024-12-01,USD,JPY,98.426
741b77f5-4c24-4053-a7f5-ae02af5b8f47,2024-01-31,USD,CAD,1.3253
2c2e8ba0-157e-4914-8442-4098ba9cee3d,2025-08-28,USD,CNY,5.3555
77e8b762-bb7e-4979-92dc-bffd59008d65,2024-07-28,USD,CAD,1.5961
ab1e5fcf-3abe-4cc1-9115-a0ca09e8ede2,2026-03-18,USD,CAD,1.0201
a5b01639-0895-4db1-85e5-26e19b559178,2025-08-25,USD,AUD,1.8173
5cb85aed-f5f6-4c97-aefb-63b11b049863,2023-11-26,USD,CAD,1.2551
5b69a9a8-f8e9-4d27-9c3d-bae4c1315e84,2026-01-09,USD,JPY,66.7121
a159bef3-5cf9-4400-853f-777f51c46d6e,2025-09-21,USD,AUD,1.876
dac5609e-4772-4adf-8f49-d01a15a15a52,2025-07-14,USD,CHF,0.8635
351c586a-c0c3-459e-80e5-ea1a1fc45171,2025-03-22,USD,INR,78.9656
0c5c9940-5753-4534-be48-7b1c4c1f088f,2025-07-29,USD,INR,96.5862
1f08f855-8d85-4df1-8309-4f28fe0d40b4,2025-02-13,USD,INR,83.8481
23fd6ade-c17f-4f19-96a3-48336bc152ad,2025-06-23,USD,JPY,74.3419
1e494952-ac5d-4e57-a3b6-64f40452f779,2024-06-13,USD,CAD,1.6952
39bfc9b6-47ba-48aa-b2f9-4b2c8e10814f,2024-08-15,USD,EUR,0.8807
6be26493-c32a-4b1b-a4dc-6a67a6d18c91,2026-01-06,USD,AUD,2.0561
08e94548-9b16-4cb8-a7bd-1db7f7808afc,2024-11-25,USD,JPY,101.2025
215bdef5-dcaa-4893-853d-1af98d40aeb2,2025-04-12,USD,CAD,1.3932
95e7f614-42b4-4281-9f26-946654d1332a,2024-05-14,USD,JPY,119.4294
18ad8eeb-b760-4067-ab1e-5b379d15844d,2025-10-27,USD,EUR,0.8316
68d2a842-3aa5-4e1d-af9f-02e5ea7c8b0c,2026-02-20,USD,AUD,2.1147
7b1dbca3-2286-43f8-8314-96ea2160446e,2024-08-08,USD,CNY,6.8164
1b2765f6-f383-44f7-addc-ac0a97206c66,2024-12-09,USD,EUR,0.8191
2449ea0f-5e6b-4e56-ba23-53358d759038,2026-01-07,USD,CNY,5.2894
81f76d1c-2dbc-4134-830f-f46e8026695f,2023-10-29,USD,EUR,0.8882
a1b95e07-af38-4794-a0eb-16f1d3e8947f,2026-07-09,USD,INR,90.8211
67e39166-323e-4a41-8520-89dcd5eb6f69,2026-04-17,USD,CNY,5.1521
ff97588e-f6cd-40d1-aa31-e22b4cda3e1c,2026-03-27,USD,CAD,1.0344
99966612-9ea8-4552-8475-66bf8f660bbd,2024-05-29,USD,CHF,0.9814
74bd0c93-8177-4661-b7fe-032c02571851,2024-03-02,USD,EUR,0.9235
e6cfcbd8-79d2-4001-ad6b-8a4e18a70609,2024-06-27,USD,CHF,0.9777
e21734c6-d36f-41c9-8caa-2cd36ae71db3,2026-03-02,USD,CNY,4.9395
1e38f711-e2ec-43f4-bba1-aed944cdbfdd,2024-04-06,USD,CNY,6.8487
f431f8f1-87db-4211-b84f-e7ef5c726f34,2026-07-14,USD,EUR,0.819
6f5aad52-9061-498f-a096-521ea2c723d4,2024-07-19,USD,GBP,1.05
989d9d4a-e15c-4666-8797-b2c957207246,2023-11-28,USD,GBP,0.8134
23a10fdd-9402-47be-8deb-dd3c528e0ae8,2025-06-21,USD,CHF,0.8521
c4100108-0256-4389-8cb3-46637a211151,2024-07-20,USD,CAD,1.6502
4878917a-282d-44a3-8ad3-33617c226735,2025-08-10,USD,CNY,5.8318
61233eea-3b1b-4755-a600-fd684a69ed38,2026-02-17,USD,INR,88.729
78428071-2eb3-4f6a-83f2-6a392653de2b,2025-05-01,USD,GBP,0.7776
56784633-1429-4f31-b9b3-c0eefaf2be80,2025-09-15,USD,GBP,0.7011
61cb78c3-513f-49a9-8724-91cadc11eb13,2025-01-08,USD,INR,86.252
35c606b5-4e00-4d55-95ca-dfaff26d3dd3,2024-06-15,USD,CNY,7.1607
60f41905-693f-4bc7-ba2d-0e68533a83b3,2026-04-04,USD,CAD,0.9781
706ad042-ae6b-4455-9cdd-d7c2d25a0b3f,2025-06-27,USD,EUR,0.846
c847b130-dd56-430e-9de9-87a2985e7e89,2024-09-02,USD,CHF,0.9603
1d191f64-f8cf-414a-9ea7-e1ae7006a2c6,2025-08-16,USD,INR,102.0369
5c494d63-1e4c-4fdf-956e-fce49d9e4da2,2025-04-25,USD,EUR,0.7861
2dc58521-29c2-41f9-beeb-f53978731a4e,2025-10-07,USD,AUD,1.8939
0f8a579c-b6db-4b2c-bb5e-2d657ce71cca,2024-12-19,USD,CHF,1.0042
89207bc4-8439-4ed9-9a64-845ef49816ad,2024-07-07,USD,CAD,1.7037
aa38d0a1-6ba2-4efe-b11c-6eb62095eef6,2023-11-15,USD,GBP,0.7877
ab707385-6c81-4f55-9906-d534438f9d83,2026-02-09,USD,AUD,2.2098
b07aa066-7354-45ea-a894-9b8d00af5b3a,2023-12-03,USD,CNY,5.969
56847457-1cfc-4f01-b840-1eea5f8f8538,2025-04-03,USD,CAD,1.4161
40328c40-b100-4314-b77c-ff4c99252280,2026-06-03,USD,EUR,0.7367
61a66444-e2af-4629-9efb-336e2f546033,2024-04-29,USD,INR,71.4446
dbe38b89-a262-4fd2-a289-499e2a6716d4,2025-11-02,USD,CAD,1.0303
31b42308-b846-4413-b52e-761322eb69b1,2024-10-10,USD,INR,71.772
a812cf1b-69b3-4bf2-9dd0-9e342b4088da,2025-09-27,USD,INR,108.1243
ce9e1a11-fcbb-4e59-bbdd-cf7c9c96e9ec,2023-11-07,USD,CHF,0.8967
1456a858-df63-4cb2-89a8-9d04bdc313b8,2025-10-03,USD,JPY,66.2202
59bdfac9-0d99-4ab9-9fc0-ccce4ba08508,2026-02-27,USD,GBP,0.6153
8c52d271-0a16-4e18-a90e-3e894b9c22f4,2024-05-21,USD,AUD,1.5105
5570cefc-9327-4b56-885b-841f7df45531,2025-10-16,USD,EUR,0.8974
296fc0d7-6a63-4a6b-81d0-d034abfbcc17,2026-03-21,USD,GBP,0.6006
cd5fe3f4-23a7-439d-8971-d849e3fb1c48,2026-02-09,USD,CNY,4.9866
e8724434-69b6-475e-b6c5-3d2be9fdd358,2025-05-21,USD,EUR,0.7733
8bc15738-ff1b-46a0-a8ec-b6a17233bf8c,2026-02-02,USD,CAD,1.1664
9b792afa-2a3d-418d-a754-a29ff143e545,2024-04-27,USD,CNY,6.7915
78bf46fa-2534-4e85-92c0-dec2175194d7,2024-07-02,USD,AUD,1.3545
56cb1ab0-62fb-46d7-b4db-ca07e506f670,2024-01-21,USD,CNY,5.8713
db0f1685-93dd-4e65-8a12-f3d93e98f09d,2026-06-25,USD,CHF,0.7624
a2607723-17a0-4f49-8d01-280fd89a40c0,2023-11-08,USD,INR,75.7667
011bb348-8981-4f35-8107-50bce6d33572,2024-11-06,USD,GBP,1.0986
1f8b4af1-96bc-432d-ac11-7babd6642fe8,2024-05-31,USD,AUD,1.4644
9211d6cc-997d-4ca9-949c-0766ffb88ef4,2025-09-23,USD,CAD,1.0604
b5b453ca-3d42-493c-8c9f-d3349bdf0377,2023-12-09,USD,GBP,0.838
8b418bdf-e52b-4187-bc3b-5ed72dd5b752,2026-06-04,USD,JPY,64.6844
761eb7e3-f909-446c-ad47-de92cbf80a9f,2025-09-25,USD,JPY,68.4871
651a6277-017f-419f-8496-179588ccddbc,2024-12-15,USD,INR,83.2764
a1ad9f14-3ae1-4f9c-8634-e0e64d2ce796,2025-08-10,USD,INR,98.4478
903506bb-ef6d-4fc6-afbd-f3690636f35e,2026-02-18,USD,GBP,0.6442
b227462c-f53d-4330-8dda-24ba2d06e8cf,2023-11-18,USD,EUR,0.8774
905c7bdd-74f0-4eae-aa59-43ce836435e3,2024-02-19,USD,GBP,0.9073
ad238d36-dc32-4c97-b9c1-e262f76c8ede,2023-12-20,USD,JPY,124.4637
8af6d268-1bd0-4f9b-b861-2769242e4cff,2025-12-13,USD,EUR,0.867
d655005d-ce52-4176-966e-46aefed01fca,2025-05-19,USD,CHF,0.8799
24444f64-3025-4856-8967-65693cb29bf1,2025-03-25,USD,JPY,84.2379
fba13732-aa4d-4bb8-b5ae-d2e97ab3137c,2025-04-07,USD,GBP,0.8229
0e721365-a4e6-4afd-a6cc-d201335dc080,2025-12-07,USD,GBP,0.6525
0328c136-629e-43d8-9d1c-a267530ddda6,2024-03-09,USD,CHF,0.8029
18f1101e-8450-4864-835c-6c488b5c0140,2026-07-12,USD,CNY,5.0617
4572b385-9e32-4085-b24f-92b9ca0841de,2024-08-12,USD,CAD,1.6132
ebc095f5-571e-4230-a978-78c17c2257a0,2024-11-01,USD,AUD,1.3838
05d0f23a-5ecb-4693-b3ac-2f5e1749939d,2025-09-23,USD,INR,106.1536
ca77736e-80fd-463d-b3d3-6295ee6bcb89,2025-04-15,USD,EUR,0.8232
7914c120-c8dc-419f-be35-11287900f7f9,2023-11-01,USD,CNY,6.4205
da743152-627b-41a1-bfd6-f23232ffe294,2023-12-16,USD,INR,75.9722
893e2de8-8509-43a2-a14b-1e1c4b403399,2026-05-07,USD,INR,97.194
e6829d8f-9a43-4a95-b672-cdbe7dae4677,2026-01-04,USD,EUR,0.8098
f0b5156b-b82c-4074-afd5-dea589d7fd6c,2023-11-14,USD,GBP,0.7977
1b4142aa-8aa4-41e9-a9aa-aa7e483eb6a1,2025-05-04,USD,CAD,1.3228
a3fe085b-81b4-4b37-a98b-4ff499ff70c6,2025-12-26,USD,AUD,2.0595
56db638a-097b-4119-8433-fd20feeef3e1,2024-10-02,USD,JPY,117.5429
418860b9-2d3e-454b-8799-c04bf71925ae,2025-04-18,USD,INR,82.014
da948cdf-6637-4dc7-91f4-48bb28802cff,2025-05-11,USD,AUD,1.754
9fa4a627-d306-48be-8548-867bad5cba24,2024-05-10,USD,CAD,1.5337
4cb4a7f6-9db8-4f7e-95ed-d864f68b6ba0,2025-01-27,USD,GBP,0.9415
8eba0d06-0a18-4676-b473-c022981b99f9,2026-06-01,USD,CNY,5.4536
92a0c677-b700-43c5-90a9-0840c8e7f2f6,2025-01-01,USD,GBP,1.0696
3172e9f8-7f66-4f24-9987-5a42e675835a,2025-11-26,USD,AUD,1.9194
d1f2789b-ea95-4113-96ed-4815c415ac73,2025-07-29,USD,EUR,0.9158
a71372ab-34cb-4b9a-9338-82b320fa15b7,2025-03-23,USD,AUD,1.8468
5c230306-c3f9-4409-a9a7-480095ef8b1b,2025-01-28,USD,CNY,7.7355
5097ce46-74b0-4243-bb1b-a7235ca9bc53,2025-07-24,USD,CHF,0.9179
2c1e86bb-aac0-46bd-9140-a95d62cef959,2025-12-14,USD,EUR,0.8662
8365d2cf-173b-4226-84d9-ea2dcb56eb48,2025-09-02,USD,EUR,0.915
51d41c6a-5731-4c46-97cb-9e5b03379b0b,2025-09-18,USD,CAD,1.0815
a127dc6b-ab9b-453d-b5f5-c65410c2c2e5,2024-06-11,USD,CNY,7.264
df8db157-03d0-4453-8d40-9bc9fdae2920,2025-07-11,USD,GBP,0.8614
c329732b-5114-4ac7-9588-e38e8dbff478,2026-02-14,USD,CAD,1.1013
ec814510-c42e-4fc8-9372-e80dee892190,2025-03-12,USD,JPY,80.7788
25ce2a21-ed3e-4846-9efa-0407f2edcab0,2024-08-10,USD,INR,70.9117
c58b6161-1a44-4b3b-8634-a7cd4fa83870,2025-11-05,USD,CHF,0.8679
dcb9075e-cdd7-4460-a140-77d39ec4ea48,2024-03-11,USD,CAD,1.4751
e0218caf-ba73-4a4e-86c7-1c162cfcbb3f,2025-03-28,USD,AUD,1.8369
366f4268-7c7d-4490-9ab7-f449ff169376,2025-05-12,USD,CHF,0.8963
ce8a5306-d243-4d1b-96bd-5e9f4e7a081e,2025-03-28,USD,CHF,0.9612
e7d90c1b-a59c-4eed-ac09-72046fa6681c,2024-11-21,USD,CAD,1.4184
50ffde64-6eda-4a8c-a789-e7d0a155eb2c,2024-06-13,USD,JPY,119.5225
1c8d23b4-4dea-4200-9593-83cf5d13a906,2025-04-12,USD,GBP,0.7947
4a1dab32-6aed-4dc7-a3e0-5309b5a1b949,2024-01-04,USD,CAD,1.2314
dbfb491a-9b0e-4a7e-94db-549631bc99e6,2025-08-12,USD,JPY,69.7078
de61f70d-76b0-4d9f-a73a-d8cbf8e7158b,2025-12-29,USD,CAD,1.1541
d2f18f28-a61b-4c7d-8511-2d7f12ecaf24,2025-12-09,USD,CAD,1.0914
16054b9e-313a-4c74-8a3d-b769cf052461,2025-07-03,USD,CNY,6.1131
ff3c6d4e-a1dc-4cab-8e21-3ce5668eb10e,2024-09-30,USD,JPY,116.7401
1d2d1771-6e3d-4494-9675-c8f3104c6350,2024-12-23,USD,EUR,0.7908
f004e897-a15b-4e18-afb0-64065f4b1a97,2024-04-15,USD,INR,70.743
a65be22b-d5a3-46d9-8362-a810a2611b8d,2024-04-05,USD,GBP,0.8551
b8663c7c-a92d-4f4f-b6f3-ba5018302082,2024-12-14,USD,GBP,1.1533
478b640b-3868-4ee5-aae9-81cb2c6d523b,2026-02-15,USD,AUD,2.1003
2f1fc132-426b-4236-a4a0-7521ab6dd0aa,2025-05-14,USD,AUD,1.7573
c4bd9b59-7fd9-496f-ae5a-88566791659c,2024-10-23,USD,GBP,1.1695
c227e0f2-0510-4943-be3e-b6f738b595b9,2025-01-16,USD,CHF,0.9418
af1dcfb8-8a96-4a11-94be-6d9f2379c05f,2024-08-16,USD,GBP,1.1462
d867888b-7ff6-4824-952a-eaec2bdfcb41,2024-03-04,USD,CHF,0.8079
f3b81fe4-194d-4447-a05b-e2306603854f,2025-10-02,USD,INR,106.0683
b34c6c73-5833-4b30-ac77-6e950b981ccd,2024-02-19,USD,CNY,6.2716
36d25823-9b35-4089-829e-588250d3b1d6,2026-04-17,USD,AUD,2.2415
e8048c91-4c15-47ec-8bca-e422b0c37157,2026-03-29,USD,CNY,5.0126
d7a998ea-ef7c-4b39-a83e-deec92455468,2025-02-02,USD,CHF,0.9704
c7b611cd-1417-482a-a1ad-018a93875413,2024-08-06,USD,CAD,1.5904
9860f848-a74b-4973-b949-54dbfb2cef68,2025-10-09,USD,JPY,65.8458
0ff4c2d6-e0d6-4081-a98d-c5f7a9d06567,2025-07-07,USD,CNY,5.9614
e797f3ae-0cca-4c05-a1f6-19ed2c1882c9,2024-10-03,USD,CHF,0.9723
64b078a7-a4f9-467f-9dc3-bbee31523136,2025-05-22,USD,CNY,6.8068
51397c06-a630-4d9d-bcb9-23f5f5edf382,2024-04-23,USD,JPY,127.5141
924d4a86-efed-4e52-b9f7-3374e92af09b,2025-12-09,USD,AUD,1.8867
5a0ed9b7-5e22-47d4-a74f-232bfb876271,2025-07-10,USD,CAD,1.127
386e995d-3b01-4893-bd9d-38e36e078bdc,2026-02-13,USD,INR,87.5646
e4d479e7-ace8-43d1-a0b4-3a731eb6dd1c,2026-06-11,USD,CAD,0.9472
a42d0cd7-fd35-4f6a-b450-388748d90846,2024-02-14,USD,EUR,0.8525
47d0e6ee-c96c-4090-b9e7-6f99f8f79639,2026-01-02,USD,CHF,0.7761
42067d80-de4b-4b12-afa2-2f9290c97f00,2024-10-30,USD,EUR,0.8636
833c8f55-a129-4fa2-a27d-4660293fc266,2024-06-25,USD,JPY,115.5065
af9a1168-1766-4795-bffa-b493285eed0a,2024-07-26,USD,CHF,0.9452
78b2b549-3bdb-409e-acc2-16a01bbc91f7,2023-12-21,USD,JPY,122.4642
bf519362-41a6-4fed-a7ed-c8d8713f8f8c,2024-02-10,USD,CNY,6.3064
31ab0158-2cf6-473b-9500-c14707743c94,2024-08-31,USD,AUD,1.3811
2d8d7db8-5bab-46cc-b0ce-f646274b8b98,2025-02-16,USD,CAD,1.5678
ec9a799e-1943-4791-b9b0-7ec4f93c8859,2024-11-06,USD,JPY,110.6441
13a5893a-6b13-4d0a-9673-28bc55cf185a,2026-05-07,USD,AUD,2.2566
18ecde2b-0a80-4167-b4b3-f20eaed0fb57,2024-09-23,USD,AUD,1.3309
365bc763-a333-4ea8-8e58-de208f7763e0,2024-08-30,USD,CHF,0.9865
fd561b27-2833-49b8-a41f-79aa692e33b9,2025-02-10,USD,JPY,88.0988
2024c407-3447-434a-b032-c262243b7101,2025-02-24,USD,CAD,1.5621
65637d1f-5763-4902-9552-0712af92ef22,2024-08-31,USD,JPY,117.1293
810e9d40-cc81-45da-8604-3d4131e7ca38,2026-01-05,USD,INR,90.0349
836b47c3-7c71-4cc8-a651-73fa7ccc9258,2024-12-19,USD,JPY,94.8874
0acc09da-0ada-434b-ba8b-a3cf39bbab8a,2026-01-10,USD,CHF,0.7643
33478a91-9609-498e-a7cb-a27a65281970,2024-07-04,USD,CHF,0.9714
bf3f51d5-2557-482c-888c-6ea499f9a338,2025-03-15,USD,EUR,0.8143
35ebd32d-9ad6-40ab-8821-2ddb45b89cd9,2023-11-08,USD,CAD,1.2372
2f8c83e5-6e8d-4644-a01b-fbcbf0eebcce,2024-03-07,USD,INR,74.3197
7b814ce1-b22a-4428-b11f-4ae4233731e0,2025-03-18,USD,JPY,80.6782
bc5e3e2f-cebc-4bd7-b837-8be20bb68d75,2025-03-08,USD,INR,77.8683
44f2a0db-b20c-451e-8d47-7c015e61df62,2026-06-06,USD,AUD,2.1545
722dce13-47a4-4c42-8665-34972fe922aa,2024-04-17,USD,CAD,1.5968
a9eb0bf9-850e-4d30-a055-adeccbebb43f,2025-03-14,USD,JPY,80.5709
f83a1bce-7069-4977-b3af-15bed93d8722,2024-12-25,USD,AUD,1.6185
d69cd777-4114-42dc-ac06-2d4a708183ae,2026-07-15,USD,CHF,0.7897
32a807cc-2c47-4336-8006-1add316c00bc,2025-05-29,USD,AUD,1.8055
5f89ed12-64d6-4fbf-98c0-1e2bf99f0704,2024-02-04,USD,CAD,1.3407
16de66c9-6210-4ef6-ba9c-43081221cddf,2024-03-30,USD,INR,72.0595
ae3acdf2-eac9-41cc-9ea3-93eadb646a33,2025-05-10,USD,JPY,78.9227
497bc13b-d2de-447d-8455-d60e69958fd1,2024-11-20,USD,CHF,0.9171
b89f72f3-2a60-4652-a714-7668cf1d7d3a,2024-01-13,USD,GBP,0.8877
5953ff90-17ef-4203-ab4d-738c7657e37c,2025-05-11,USD,CNY,6.9442
87d2e18f-dc24-4f84-9019-19b726da7a1c,2025-11-01,USD,CNY,5.2378
7f9ad277-db49-4e6d-9688-782f72b696ca,2024-05-28,USD,JPY,123.5924
1dabb10a-bd10-487c-ad0e-0597500d92a7,2024-05-23,USD,GBP,0.912
caf91924-4f2c-4cfd-9724-5dacf8673a5b,2025-09-05,USD,CNY,5.4797
77a1cf7d-6f47-46b6-81d4-2b2f0a568d1c,2026-04-23,USD,CHF,0.7245
e67093a0-fc48-4615-83b0-b35cdba6fdf8,2024-03-25,USD,CAD,1.4811
63ccf604-e2ae-4f87-ae7c-a782a7a31d25,2024-07-17,USD,CNY,7.1583
c69e17c9-6018-4b17-bec5-715ca71db3a6,2025-03-20,USD,JPY,82.7783
c25110f8-7cc9-4b10-b677-fb0609e6614a,2026-01-27,USD,INR,92.835
317046b9-3080-4a5d-a2a5-0eec881af04f,2024-08-01,USD,CHF,0.9293
757e2b43-af51-4850-b77e-5f7a80a233e3,2025-02-11,USD,JPY,87.0626
7fb63b12-4cf2-4624-8243-0329f09fe936,2026-03-05,USD,JPY,64.2745
5cc624ef-0464-4f52-99c0-99f6fe709416,2025-04-28,USD,INR,83.7001
a2819fce-d624-4055-8c39-bd0eb25db530,2025-02-16,USD,CNY,7.2793
73dd8d31-40e1-4b51-9128-58041243161c,2026-01-26,USD,EUR,0.7967
47a2a10b-b62e-4b49-a472-96a4ff38b918,2024-04-11,USD,CNY,6.9106
155c8139-3842-43b4-a378-ff4453d9a4dd,2025-05-28,USD,CHF,0.911
c5857b6b-7b98-4c6e-9ac6-e2bf00b36478,2026-03-16,USD,EUR,0.7772
5f65c8ce-bd21-4c11-be9d-61ee18b87245,2023-12-29,USD,CAD,1.2228
7f151663-189b-4535-83cf-ed3bb32f7256,2026-03-10,USD,INR,93.6633
53cc6b95-c689-4836-8f73-ab1c860c7b68,2024-09-04,USD,GBP,1.1654
29d4056e-10f4-45e5-bdb3-e9a900252855,2026-03-03,USD,GBP,0.6093
92262ecf-310f-4eb5-8b2c-4e211dce0e8c,2025-09-15,USD,INR,109.5879
4b88445a-1582-4e78-806a-5949226378ab,2025-02-02,USD,INR,88.8264
2a314f1d-7bf7-4f91-9958-21e07b310f54,2026-06-11,USD,CNY,5.441
cdfcef75-651e-49f1-acd3-80efb0b710ab,2024-12-16,USD,CNY,7.015
ae2bcab8-551f-44f7-a5d6-9a97360824da,2026-03-16,USD,JPY,61.6662
19b627b5-4c2b-4a96-a86c-1d888d67e82c,2026-03-29,USD,INR,89.3346
afbffde4-a022-4155-9f69-5d179cc96aed,2024-08-15,USD,AUD,1.3833
a60147c3-48e0-4502-8598-f3c8af449605,2024-07-21,USD,CHF,0.9415
7aa1219a-7a93-48bb-acdb-d5f27b44acd0,2024-06-24,USD,CNY,7.2262
b2d7692a-eb70-4da9-8d66-d79dd0170108,2024-09-08,USD,CAD,1.5757
f88505f9-d126-4905-9e99-3ecda0f35470,2025-10-29,USD,CNY,5.0843
4c2272f3-4811-4562-a91c-f19243e8644b,2024-04-28,USD,CAD,1.6942
750cab75-4ccc-4bc2-a53f-8a28abf3e3fc,2023-11-06,USD,AUD,1.2582
20afaf9e-0f7c-49ad-8b48-3935cc09de64,2025-01-25,USD,GBP,0.9355
a2ded1de-c302-40d5-a214-5243f5d23fc6,2025-09-21,USD,CNY,5.5229
c09d557f-bc44-4fbc-adb6-8854baae905c,2025-07-16,USD,JPY,75.2835
f330f931-3b8f-49d7-822e-dfc438107177,2026-01-10,USD,CNY,5.2105
c161b06c-1397-4542-9e65-3990fecd0ded,2025-02-14,USD,EUR,0.8049
abcec90f-70ec-441b-85d5-601651b3ccf5,2024-09-05,USD,INR,70.563
8b7080c2-7799-425b-9bd4-a24e66bc6735,2026-05-25,USD,GBP,0.5591
7394d796-51c4-443b-b07d-b671caea9ae5,2024-11-29,USD,CAD,1.4433
4ba9008d-85af-4680-a39f-6cc716f39bed,2026-05-14,USD,GBP,0.606
897e2ce5-4fe3-4b6d-befc-5196512b4c10,2026-03-27,USD,EUR,0.7988
2e654dcc-8087-44bc-91b0-830f71c629a6,2026-01-29,USD,CAD,1.1605
af001605-ae93-4319-a11f-98efdc3c423a,2025-07-09,USD,CHF,0.8689
f5d68c8f-299c-4d73-8295-f5c984d77929,2025-07-17,USD,EUR,0.9113
c606ddc4-c2dd-401d-b59a-15334605ec0e,2024-05-16,USD,GBP,0.9241
2877f5d9-0f56-45f8-b048-faa112ae5c22,2024-01-31,USD,AUD,1.2331
39ef20ea-120e-4c83-99b4-4b98d5969658,2025-11-04,USD,CNY,5.2216
0bd4a990-0640-4e0f-a5b8-fd4b32fa2de8,2023-11-16,USD,INR,79.1749
092351d9-fedc-4b65-84aa-6e12208a9c4f,2025-12-05,USD,AUD,1.8697
fc4a013f-c8c2-4cfe-aadf-eef6fb2389d3,2025-11-18,USD,CAD,1.0625
a9fc73da-5926-4059-bfd0-b387963dbc5e,2026-07-01,USD,CNY,5.3336
da8f55c4-b310-40ed-a362-84b8d4a84c96,2026-07-16,USD,GBP,0.5229
58c68877-4897-46e2-9581-f33ea5b38959,2026-06-03,USD,CHF,0.7546
cd4c01b3-33e4-4ea9-baaa-f675b807eb46,2026-01-19,USD,JPY,66.0952
b3700e92-92f1-4a69-a74f-6635f236b2ee,2025-11-22,USD,CHF,0.839
1a6b6a7d-1a38-4ad6-8e53-2ffdbb134f02,2024-03-31,USD,EUR,0.8756
e3fb7b87-a7a3-4c7a-81c9-a46487d22e31,2025-12-26,USD,INR,95.0417
c125798e-9bd6-4690-a8f9-4c8806a76b07,2025-07-15,USD,AUD,1.9024
5e717fca-020a-4497-b4ed-51458d9765c7,2024-04-09,USD,INR,70.561
02fb2869-0df8-4b89-9ce7-eed1fcdfe961,2024-05-27,USD,GBP,0.9187
3c10316d-3f63-4065-be85-c8c4a9470663,2024-11-15,USD,GBP,1.1157
12b3c5eb-4198-4029-98e1-d54cbc715183,2024-12-03,USD,AUD,1.3963
48ca7651-92f5-4f7b-8323-d342df6a8f93,2023-12-01,USD,CAD,1.2758
c56dbe29-65b8-438c-865f-5046f9a61744,2025-08-13,USD,INR,99.6999
79900a27-6c7c-4eb7-8bb5-f24251057c35,2024-11-24,USD,CHF,0.9282
b1cbe822-cbee-4876-9d87-6a3e94d6cbb0,2026-04-18,USD,GBP,0.6173
0d559b64-e334-4bac-9c44-ebd132df8d45,2024-07-25,USD,AUD,1.3855
f62162ab-6ba6-4252-b76f-fd036d7bba17,2025-06-22,USD,INR,90.4301
5397ff39-de24-4ec5-8d6b-a0191fb8e3c2,2026-01-07,USD,CHF,0.7475
af7d7f21-1bd6-403d-9927-839b11d1ce50,2024-09-12,USD,EUR,0.9293
10ae2dfc-3729-4854-a73e-54e5b119e78c,2026-01-18,USD,CAD,1.1499
21351574-4adb-4f79-bf82-bf843e86cc14,2025-07-11,USD,CNY,5.9429
6388f6dc-9c12-43c9-bbee-45828fae46a9,2025-11-29,USD,JPY,73.6633
fee5ce69-33cb-402e-ad84-414df54191ea,2024-03-29,USD,EUR,0.8842
243012da-b185-4eb8-9f90-fc872edc017e,2024-03-20,USD,AUD,1.4601
8bc2d46d-0e80-4f03-9e5f-83786633427e,2025-07-06,USD,CNY,5.9136
3e6a41f1-278e-4f60-ba99-bd7654edfb70,2025-04-23,USD,JPY,81.6567
bb63721d-1c45-4ba3-8159-ace5fca91028,2024-12-30,USD,CNY,7.0316
20156a72-12e1-43a6-932c-ae01d2c65ee4,2024-01-28,USD,EUR,0.8343
f53ba020-be2d-48c8-9fe3-f82439d3a9cf,2024-11-17,USD,CHF,0.9408
899fad03-ebd2-4573-a012-a24e3c168418,2025-09-20,USD,CAD,1.0335
1375ee90-d6b3-41e4-bb6d-ca0d6fe5040b,2024-03-07,USD,GBP,0.8403
0261c87a-a15c-459a-af8c-a888b1f81ad9,2024-05-20,USD,JPY,119.2404
8fde042a-1ee5-4930-ba08-5f6a9e189a98,2024-12-23,USD,GBP,1.1611
b5ae2a56-fa03-4d6c-822f-b2f06175a257,2024-08-13,USD,JPY,112.4624
60421eb5-ca6b-4ccd-bf8b-c509484f0da6,2026-01-06,USD,EUR,0.7822
8a624cbd-e582-4678-ad52-29dd639fc471,2024-03-06,USD,AUD,1.342
ddc55228-38e1-4998-9dca-9cc3d48f16c5,2026-06-08,USD,AUD,2.1712
0131ff3b-6221-4670-ba36-e788f71fb9a6,2024-05-16,USD,CNY,7.0152
a3900655-7307-43d5-a261-078d202f00a8,2025-05-17,USD,EUR,0.7569
1f0733df-7b68-4323-87a2-ee6fd166eb08,2024-09-29,USD,INR,73.9913
23f5aea6-0598-4489-b087-ab0e4a9a75f0,2025-10-13,USD,INR,100.6278
89fd911f-2e06-433a-8498-a96b0d8660ca,2026-04-18,USD,INR,96.3732
6755b2d4-2bfe-452a-9350-46f4f7f80118,2026-06-09,USD,CHF,0.7371
d5f0fb6a-4596-4a75-b4df-b83ff659f188,2024-05-24,USD,GBP,0.9097
0d22af35-b648-4e8a-84e7-75b92dca365a,2024-08-24,USD,CHF,0.9558
6ef7ffc3-7ce2-4b5b-b8d8-f272f429c05d,2025-05-30,USD,GBP,0.7659
17172654-3b99-4815-8219-a9c7ba23b07a,2024-07-22,USD,INR,69.9985
96e15645-8ad8-4f05-9991-77b932888f78,2025-10-05,USD,CAD,1.0808
a282bbab-fdb0-4520-b2f8-81eb754ce511,2025-11-11,USD,INR,93.1528
c2d0af1f-43eb-456f-8b62-192ae224a224,2026-06-29,USD,EUR,0.8101
277529a2-8d2c-4e83-8407-26547f5f61aa,2024-07-29,USD,INR,70.6555
01a0960b-ba89-434b-b224-7627c1e0248e,2026-04-12,USD,INR,93.3665
57b6b27c-bf18-474a-8743-d9f12d08413f,2026-06-07,USD,CAD,0.9309
ea879f65-279c-458a-b21a-6d71782152e0,2025-02-27,USD,GBP,0.8512
c22c9037-703a-4746-a22f-38841f9071b1,2026-03-01,USD,GBP,0.6144
66245bfa-4fcc-439a-b683-d2e6337ea2df,2023-10-31,USD,JPY,106.4743
a21c0c06-ed37-4567-8be7-728e6a1aba9d,2024-05-31,USD,CAD,1.6632
ce2fbaf4-17f0-4802-9e68-4eac9c9d3925,2026-04-12,USD,JPY,63.6973
5d2d113b-fb5e-4c15-8bfa-e8d6b4ed4d1d,2025-11-17,USD,CAD,1.0509
1a1940e4-935f-46e2-9b2c-1379b9d859f5,2025-03-18,USD,CNY,7.4534
2c281bbd-f45d-4d91-989d-a530b01fb9f3,2025-03-20,USD,GBP,0.843
5fd229bc-8e67-4bc8-8401-6c6f480af459,2026-01-12,USD,AUD,2.123
592c6a0e-14d4-4d3a-8b40-fcdd9cd2da08,2025-03-09,USD,JPY,81.9279
bab2b77d-fa74-4cc8-a43a-fb7ac40d4874,2024-02-20,USD,CAD,1.409
53ad132c-0131-471e-8338-57e4877478d3,2025-11-24,USD,CAD,1.0293
9175fc63-51f7-4017-b6a5-fabaa3e53892,2025-05-13,USD,GBP,0.7776
6e52b671-bba8-47e5-89d0-aac1a78eb37c,2025-03-04,USD,GBP,0.8792
022f8a47-04d4-45db-a3d3-997fd4066625,2025-10-18,USD,EUR,0.9141
893e2b89-dadf-4499-82e4-bf0140ee131d,2024-06-30,USD,AUD,1.3464
5526db8e-922f-4bcf-8501-e79ef1204008,2026-06-26,USD,AUD,2.2322
01ab1df1-7cd2-4263-aea3-5df6f2193325,2025-10-07,USD,JPY,66.5174
93d563ae-51a3-4c26-937b-f79bbb44badc,2024-02-23,USD,CHF,0.8511
3242f61c-ea3d-49b2-8319-8f412467f4a3,2026-03-02,USD,GBP,0.6075
3c1d10be-3025-47f7-9f3a-d6e8f6939800,2026-01-19,USD,AUD,2.2288
def57689-68f4-4bce-a4e7-5e8eb8f21423,2023-12-13,USD,GBP,0.8536
15bebdd0-97b0-47ce-8fe5-c13ba5e8c198,2024-11-15,USD,JPY,105.6911
8855817d-3112-4678-b08c-523dcb7e717c,2025-01-30,USD,CNY,7.8356
57bd0ca8-54ce-40ea-bb9d-92c0d8d0b8db,2025-02-23,USD,JPY,84.5239
8d536c75-65b9-4e94-8e6d-e263635a775d,2024-05-03,USD,EUR,0.9172
72cc3fc5-5f77-4a7a-a5df-ac0758065bae,2024-10-22,USD,CNY,7.0495
21249735-f254-4c17-ba90-c4868d2a3484,2025-07-08,USD,CHF,0.871
4f75d45a-74a1-4a0d-98e6-3a5577e0ee02,2024-09-08,USD,AUD,1.3575
ccac2fb5-1a0c-4c04-93cd-129110042d82,2024-03-19,USD,EUR,0.899
7414e3e1-a387-4e92-9362-0119efa9a0a3,2024-09-26,USD,CHF,0.9997
0692fe02-238c-4712-accf-3b91e35209a0,2025-03-07,USD,CNY,7.1397
65f76d06-5a2d-465b-87ce-baaaf713c245,2025-05-31,USD,CAD,1.3073
5d210794-87ed-45ae-b9a2-1729130bb2a3,2026-03-27,USD,INR,88.5801
7d34d5ec-c36f-4008-8cdc-ffaf7fec01d8,2025-12-28,USD,CHF,0.7833
c2e79a98-5c23-4d8d-b1da-35b94eea9db8,2024-03-08,USD,INR,74.4813
15458478-5865-4721-bc25-7ff18fb30b07,2025-09-19,USD,JPY,67.4721
c44ba50d-cb6c-4a6e-bb95-8291f3dd69d1,2026-03-19,USD,AUD,2.118
2518ec09-efdd-4a87-88c6-21bee1228e75,2024-11-24,USD,INR,82.4674
a21b0307-82af-485c-938d-994c2b0abedd,2024-01-05,USD,AUD,1.3348
18d98279-71e5-48a4-a8c0-563d258a9c6b,2025-12-17,USD,CAD,1.1265
68181f5b-bb56-488b-b172-ec53032e2730,2024-10-14,USD,EUR,0.9651
b4adaf89-0ff1-4a9f-ba37-0623bc5fd4dd,2024-02-08,USD,GBP,0.8751
6e89a7a8-b68d-4037-98fe-3fb8a1628abf,2024-12-18,USD,CNY,6.919
57d52b78-9cf3-437e-b562-037b78aa16ea,2024-07-11,USD,AUD,1.375
50c49c2b-e8c4-41fc-9f8c-1c815ce9a3d3,2025-12-16,USD,EUR,0.8798
09943e76-1d4e-4772-801f-b5a69ca5b74f,2025-07-02,USD,AUD,1.846
a7f655fb-8b89-43fd-ad5f-62b0541e4d9c,2026-03-20,USD,CAD,1.0168
76b35303-c719-4dd0-96f0-c19ca894b11e,2025-03-20,USD,AUD,1.8254
2cd4e76d-f40a-46cf-b1c7-8a33db5983d3,2026-05-15,USD,EUR,0.7655
c33a8761-618f-478a-a66b-4b6db9ec28ff,2025-07-23,USD,GBP,0.8074
e8266484-c4e4-4e52-9a4f-706b9d4ac78b,2024-11-19,USD,CHF,0.9334
485d831c-9bea-4529-9801-7a2fa5b83693,2024-05-10,USD,INR,70.7754
07c62bd3-caf2-4c2a-ae8c-51f9f3d21fd2,2026-01-17,USD,AUD,2.2317
0123a348-638a-4df6-adf7-2cd3979aa051,2024-03-18,USD,CHF,0.8424
0c8b2089-a94c-4612-9e9b-e593525706d0,2026-04-24,USD,CNY,5.2418
e70dc8b8-df33-4eb0-a8ff-561f3bc29d89,2026-01-02,USD,CAD,1.1735
5dbe0139-c895-48d9-8907-19db252a95db,2026-05-14,USD,JPY,64.5653
85c53910-93f6-4723-81d2-3a76ca179780,2024-06-29,USD,INR,68.3405
ab9099a4-35a2-40ae-9af3-05535ec42e08,2023-10-25,USD,GBP,0.7562
6e8f75a1-17dd-4d81-95da-705cd4ef00aa,2023-12-29,USD,JPY,121.8393
5d1c1906-1090-4c9d-ab31-71dcfa549893,2024-11-09,USD,CAD,1.4482
31208bde-3c52-468a-8ec6-1be5012b809e,2024-10-07,USD,AUD,1.4197
9c595e03-4d2d-4557-8e06-a41671219097,2025-01-22,USD,INR,89.7103
2812859a-1337-439e-8d4f-5d272c7f0b79,2023-12-03,USD,CHF,0.8579
e2901d96-c993-4819-a7a5-81e8610114f4,2025-01-29,USD,CNY,7.774
048c8480-a743-4402-bec7-fb117f53dc0a,2024-05-28,USD,AUD,1.4983
66205167-17cf-475f-898b-cf673f8dcf96,2024-07-07,USD,CHF,0.9909
e9ea9d49-bc94-446e-a741-0d2ce0f13db6,2025-12-03,USD,GBP,0.6658
fd8398c3-5821-49f8-aa45-2afdfb8a61eb,2024-09-13,USD,CHF,0.9746
43b9da13-ec85-4f37-bbc1-a987aff8754d,2023-12-04,USD,JPY,117.7774
730825d1-396c-419c-a4ed-91b84d9e3b99,2026-04-06,USD,CAD,0.9686
9f999133-6e11-4dc4-bc37-531544bd8fcd,2026-06-02,USD,EUR,0.7523
6483b0e7-9c3c-4e9d-b35f-0d14edb7d4e4,2024-09-27,USD,CNY,7.0358
d25ad576-ef0b-443e-bee0-47627168bdec,2024-08-17,USD,CHF,0.9462
836f224b-0b8b-46f7-aad4-4e111397a29f,2024-12-13,USD,INR,83.9511
99ef827f-d3d4-4dd3-a05a-34f5d0126e91,2025-01-16,USD,EUR,0.8084
17722cf0-f38e-4bc3-b7df-852c1779e7d0,2025-12-24,USD,CAD,1.1548
10f1bc81-448a-4a9e-a6b2-bc5b50c187fc,2023-10-26,USD,JPY,108.8298
861b4f5b-45a0-4539-ade8-370ace9e9ebd,2024-04-07,USD,EUR,0.8933
92a97acd-3d88-4938-aad6-5b8c3a38b844,2024-08-15,USD,CHF,0.9431
6c2b5781-c1a9-4ee2-9718-cfde6c4e5a8c,2024-12-12,USD,JPY,95.9653
14588063-5bf8-4d1d-86ad-7920aff7ff5d,2024-08-18,USD,AUD,1.3779
be69ad39-0e37-4b07-8c53-5c3e52bb530d,2024-12-10,USD,CAD,1.5062
b43c7851-e78d-4f32-be2a-9f7347dfa607,2025-01-17,USD,CAD,1.5694
7616e3a2-3d9d-49d4-b5e6-6d4c539cb0bb,2026-03-12,USD,EUR,0.7634
23226464-ad6d-44ef-94d9-a0ae055fd8d1,2025-01-29,USD,CHF,0.9588
fd9c635d-3a54-4890-82fd-a10144f801b9,2026-04-24,USD,CHF,0.7297
4a298783-099c-4929-9705-9671b031a179,2026-05-01,USD,CAD,1.0293
4ce33ed4-9779-4ead-b3bc-daee0d211dc4,2026-03-05,USD,AUD,2.078
e44cbd41-ce36-492a-98e9-d0aac1b6edd4,2024-07-27,USD,AUD,1.3598
4ad76a0d-5219-4d62-a25c-6c5cf629c955,2025-12-19,USD,GBP,0.6221
6c936f69-8269-441a-b453-30442e07336d,2024-09-16,USD,AUD,1.3188
6491982b-e5ad-481d-977f-4c1626d658fb,2024-08-15,USD,GBP,1.1537
b01cad4e-b4f1-4ca9-92f7-76d1c6ec757f,2025-08-03,USD,GBP,0.7476
665ec4dd-222e-4711-af6d-5b4bc356dee2,2025-09-07,USD,CHF,0.9319
165607c0-b3fd-4c76-b826-45adbf8f81ea,2025-04-28,USD,CHF,0.8848
fe2181fd-73bd-485b-a7d9-20b393c379fd,2025-10-29,USD,INR,95.3798
0f67a174-0023-44e2-aad9-8682f8da5a79,2025-01-12,USD,CHF,0.9329
0de5fd7b-dcec-4307-b9e2-4cc0ca63d3d0,2026-06-28,USD,CNY,5.3827
ba108217-0ad7-49a2-b277-16ec59fefbbc,2024-01-23,USD,EUR,0.8542
f50d7a37-a44d-4fec-bd85-d7fa8ac97b01,2024-03-01,USD,JPY,121.4848
cf492a27-4089-4b7c-8866-7469e6162980,2026-04-08,USD,GBP,0.6161
cfc01fbc-a5dc-433d-b0bb-2a0e39d02b29,2025-11-16,USD,JPY,67.9178
2541f181-f29e-425b-bed0-4e680d250730,2026-02-26,USD,INR,91.8805
26aeaf29-9ac0-4e26-8b18-c73ce545281b,2025-04-25,USD,JPY,80.3977
88addab1-d765-4a18-a4d4-66ebbf74531c,2024-06-04,USD,GBP,0.9135
48cff1da-7bbc-4b5d-874f-92058f9d7375,2025-08-13,USD,GBP,0.7359
54170a17-caaa-4bbe-a4bb-f962606e0e1c,2024-01-11,USD,GBP,0.887
9549c931-e9af-499d-bf67-1eec3da70577,2023-12-15,USD,CNY,5.7306
ea725584-5e6e-487a-a939-f79018177e4a,2025-08-25,USD,JPY,70.8337
9ee31563-d328-40c7-9b2d-e07e53c45254,2026-01-04,USD,INR,90.9483
279c658a-3676-4ce5-81e5-c9f693f277cc,2023-12-30,USD,CAD,1.2178
b12b6680-7f07-4cb9-afd3-40c0f945f2fd,2024-01-21,USD,INR,73.265
b0d508a9-e4b8-4e89-a287-729e12194d94,2024-10-15,USD,CAD,1.4213
6c5495bf-f88f-4979-b0d7-509da551524c,2026-01-16,USD,AUD,2.223
c310d2a2-0700-47c1-b1f9-4a097408f646,2024-11-28,USD,JPY,100.7865
9ec5405d-c6a9-4598-9d34-0833db592a19,2024-07-29,USD,CAD,1.6203
bbaa6e4a-fe25-471b-bd5b-fecedbd0ad57,2025-08-16,USD,JPY,70.7383
c3659e51-57a5-43b2-9b30-ddadab02e104,2025-10-30,USD,INR,94.3315
cc8a6796-7015-493c-b23e-9a06ed37c2ce,2024-12-24,USD,EUR,0.7949
c85b811b-10a5-4073-b180-4803d9025a2c,2025-01-22,USD,CHF,0.9176
b4f136fc-fc7c-4e71-89c6-7b51ef13864b,2024-08-29,USD,EUR,0.8559
0a39561f-3473-49d3-ac5b-059aafcd2960,2026-02-13,USD,CAD,1.1009
c523b4e9-022f-46bb-82d9-c5d7e991e6d5,2025-02-05,USD,JPY,90.1471
2ac38bd3-1afc-488c-81de-c9db0abe8257,2024-12-24,USD,CHF,0.9681
7eb3a98f-de7a-49b4-8271-441846b1654a,2025-07-19,USD,AUD,1.8942
0beba1de-beb0-4722-bfff-bc75ff866deb,2026-04-03,USD,JPY,63.522
ceb7803e-c3fc-4c0e-95c2-c94db3fdc2b8,2025-07-08,USD,GBP,0.8559
c77444cb-5543-4c3c-b8b8-f24e56ea57b3,2024-01-05,USD,CAD,1.2481
e606d7c2-1e18-446d-ae42-1840a05f36c8,2024-08-25,USD,EUR,0.8701
dce6ea64-2d5c-4588-860e-35b66864fe6b,2026-05-22,USD,EUR,0.7589
aaae3222-3f19-4d0f-94c3-9b6d0e31275c,2026-06-27,USD,AUD,2.2479
226cbc6a-7fe5-44b6-abe8-c7562d36226c,2024-07-12,USD,INR,65.8599
2c0ca9c0-314a-4ace-8677-4ddcaad414ad,2026-04-14,USD,GBP,0.628
abdce0da-be0b-4ddd-b8f9-500169bd40d8,2024-08-19,USD,AUD,1.3923
8c1046bf-24b3-4794-a93d-b7fa8e8ded45,2025-12-08,USD,EUR,0.8786
ce8b76a2-082f-4fb9-80e3-fe4fe4fb2a3b,2024-12-22,USD,INR,82.5942
49560c36-8560-4e8a-a7fb-19979d2cd944,2024-07-03,USD,GBP,0.9724
6b15c11b-b113-450b-9ea0-50c6eb9ed274,2024-03-14,USD,CAD,1.4789
f1b2f143-078b-43a9-bd88-565ad09a934b,2024-08-14,USD,INR,70.965
df162ec3-be84-4aa2-b92c-04da5af3da5a,2024-05-14,USD,EUR,0.9109
b21eafab-f649-49e8-9e03-2a652346f26d,2025-04-30,USD,EUR,0.776
146b9fbc-667c-4788-9887-f3d2c0f1fa3a,2025-06-04,USD,GBP,0.7816
afd0c396-bb31-4aeb-88ce-14bb7dc63851,2026-05-29,USD,EUR,0.7269
46707cd6-4ced-4164-a9df-14e9389641dd,2024-02-24,USD,GBP,0.8645
57d3ec63-e3e1-43bb-ae8e-60755eebc618,2025-03-06,USD,INR,78.3728
55fccc14-31c0-44f0-a091-129b2f1835b1,2025-12-07,USD,AUD,1.8831
4165964c-0b21-4308-86dc-4e34a9dcfe52,2024-08-12,USD,GBP,1.1637
f765f8a0-ce43-47c4-abfd-dbf938498d35,2026-02-14,USD,AUD,2.0753
de1d4653-d112-4bb8-a7b2-df91adbd2e33,2024-12-19,USD,AUD,1.5627
f2c84743-9027-4770-a460-d0d2904883c1,2024-04-21,USD,EUR,0.923
dedbcef9-74f8-4913-80ca-280f19a53942,2025-03-07,USD,AUD,1.7853
286e3f0a-dedb-4ec4-a2b2-de4b3d5cab0e,2025-02-13,USD,JPY,87.062
a37dafca-e9a6-4f13-91c4-b8c675961b93,2025-10-02,USD,JPY,66.2898
acd3d56f-3257-49cd-9571-276b33474b1b,2025-02-04,USD,AUD,1.7153
dbb54645-7dda-41b6-97c4-caed47c4cc51,2024-05-05,USD,AUD,1.4789
3508507a-f622-4842-8402-2b3c508211a5,2024-03-05,USD,INR,74.4838
a1d60cf1-8a95-40d8-8794-c44dab583656,2026-06-16,USD,JPY,68.4693
84c2f2c4-efb0-4e3b-acb5-0ab92c23b779,2025-10-24,USD,JPY,64.2883
95eb44d9-8459-4302-8d1d-036e0d08da99,2026-03-01,USD,EUR,0.7793
1a062a0e-ad93-4d1a-aa0d-c97ee85af565,2026-05-25,USD,AUD,2.1937
34323ec6-b0c4-401c-a9b7-c0fa26c432f6,2024-02-07,USD,CNY,6.1853
f90c9f84-b184-471c-bb35-b9f96c80423a,2025-04-27,USD,AUD,1.746
42650798-4b80-4fa6-bab1-fa122d5737a0,2025-08-31,USD,AUD,1.7781
8c277f18-2d6d-4a43-a4ce-98efdb60cc10,2026-04-26,USD,INR,94.6257
cc5732f2-871b-4b1f-a0e4-0a11d8fbfda5,2025-07-23,USD,INR,97.2801
304b2370-8270-4238-9b5f-8f39848b34f0,2024-04-02,USD,CAD,1.5375
5d71a898-6497-4593-892e-8c93d105c8d6,2024-03-12,USD,CHF,0.8083
fdc56285-8f50-411f-bc42-049476d32b96,2024-11-21,USD,JPY,102.7919
5d316263-4959-4f6e-8c1b-7e93be162e89,2026-01-20,USD,JPY,66.0073
c074718e-425a-409f-b337-c59979844388,2023-11-19,USD,JPY,111.7058
12087e20-8ede-4b46-807d-0affcb51a911,2024-06-12,USD,INR,67.7995
5fb8944d-de00-48aa-8439-6fc0c26e2706,2024-05-06,USD,AUD,1.4819
7f6bf62c-a1c1-4b96-baab-d9f2850b7073,2024-08-29,USD,CHF,0.9997
a3595d1f-7fe4-442e-bdb7-88a61cdcc4c2,2024-04-02,USD,INR,72.0284
899ca782-e323-4d1a-bc1b-dacc18e19331,2023-12-22,USD,JPY,122.4545
367d9053-bec2-440d-b0b8-1b2952044e75,2026-05-09,USD,CNY,5.376
e3245730-2ede-4051-965e-040dd4946414,2026-02-10,USD,CNY,4.9084
6431d4a9-ca1e-48d9-84ed-bacfd8c42832,2026-06-08,USD,CAD,0.9453
55c551fc-fba5-4cc8-adaf-37661b780ede,2024-02-13,USD,INR,75.4112
