customer_id,default_probability,credit_risk_score,risk_category
CUST00001495,0.6477,64.77,High Risk
CUST00008532,0.6437,64.37,High Risk
CUST00006571,0.6338,63.38,High Risk
CUST00006200,0.6338,63.38,High Risk
CUST00004131,0.6338,63.38,High Risk
CUST00007079,0.6086,60.86,High Risk
CUST00009907,0.6354,63.54,High Risk
CUST00008368,0.6477,64.77,High Risk
CUST00000336,0.6354,63.54,High Risk
CUST00007790,0.6198,61.98,High Risk
CUST00008732,0.6437,64.37,High Risk
CUST00009956,0.6477,64.77,High Risk
CUST00000253,0.6338,63.38,High Risk
CUST00006287,0.6354,63.54,High Risk
CUST00006256,0.6477,64.77,High Risk
CUST00003985,0.6354,63.54,High Risk
CUST00008813,0.6354,63.54,High Risk
CUST00008508,0.6225,62.25,High Risk
CUST00000159,0.6477,64.77,High Risk
CUST00006883,0.6477,64.77,High Risk
CUST00001014,0.6354,63.54,High Risk
CUST00008078,0.6477,64.77,High Risk
CUST00001828,0.6134,61.34,High Risk
CUST00000338,0.6338,63.38,High Risk
CUST00003299,0.6354,63.54,High Risk
CUST00005981,0.6354,63.54,High Risk
CUST00003167,0.6354,63.54,High Risk
CUST00006937,0.6233,62.33,High Risk
CUST00004998,0.5851,58.51,High Risk
CUST00003951,0.6354,63.54,High Risk
CUST00004809,0.6354,63.54,High Risk
CUST00001476,0.6354,63.54,High Risk
CUST00009852,0.6354,63.54,High Risk
CUST00001238,0.6437,64.37,High Risk
CUST00007091,0.6354,63.54,High Risk
CUST00003525,0.6354,63.54,High Risk
CUST00001299,0.6477,64.77,High Risk
CUST00000562,0.6225,62.25,High Risk
CUST00005948,0.6338,63.38,High Risk
CUST00004101,0.6354,63.54,High Risk
CUST00005705,0.6477,64.77,High Risk
CUST00007562,0.6477,64.77,High Risk
CUST00009427,0.6437,64.37,High Risk
CUST00004869,0.6225,62.25,High Risk
CUST00008673,0.6241,62.41,High Risk
CUST00006176,0.6055,60.55,High Risk
CUST00008918,0.6354,63.54,High Risk
CUST00007061,0.6477,64.77,High Risk
CUST00005647,0.6354,63.54,High Risk
CUST00002791,0.6356,63.56,High Risk
CUST00009204,0.6477,64.77,High Risk
CUST00000647,0.6055,60.55,High Risk
CUST00002216,0.6241,62.41,High Risk
CUST00003088,0.6354,63.54,High Risk
CUST00009734,0.6225,62.25,High Risk
CUST00000146,0.6338,63.38,High Risk
CUST00004298,0.6338,63.38,High Risk
CUST00009552,0.6225,62.25,High Risk
CUST00006353,0.6354,63.54,High Risk
CUST00005278,0.6437,64.37,High Risk
CUST00007847,0.6477,64.77,High Risk
CUST00009715,0.6354,63.54,High Risk
CUST00006018,0.6338,63.38,High Risk
CUST00003136,0.6225,62.25,High Risk
CUST00006396,0.6241,62.41,High Risk
CUST00005009,0.7364,73.64,High Risk
CUST00000386,0.6354,63.54,High Risk
CUST00007984,0.6477,64.77,High Risk
CUST00004799,0.6527,65.27,High Risk
CUST00001721,0.6437,64.37,High Risk
CUST00003922,0.6354,63.54,High Risk
CUST00004673,0.6354,63.54,High Risk
CUST00006915,0.6419,64.19,High Risk
CUST00007096,0.6354,63.54,High Risk
CUST00009457,0.6479,64.79,High Risk
CUST00008838,0.6354,63.54,High Risk
CUST00005836,0.6354,63.54,High Risk
CUST00004323,0.6354,63.54,High Risk
CUST00001996,0.6354,63.54,High Risk
CUST00001053,0.6354,63.54,High Risk
CUST00009687,0.6225,62.25,High Risk
CUST00009112,0.6443,64.43,High Risk
CUST00000948,0.6354,63.54,High Risk
CUST00001068,0.5587,55.87,High Risk
CUST00003302,0.6354,63.54,High Risk
CUST00002387,0.6354,63.54,High Risk
CUST00006965,0.609,60.9,High Risk
CUST00007826,0.6437,64.37,High Risk
CUST00005347,0.6354,63.54,High Risk
CUST00003149,0.7364,73.64,High Risk
CUST00000145,0.6354,63.54,High Risk
CUST00008125,0.6354,63.54,High Risk
CUST00005498,0.6477,64.77,High Risk
CUST00005671,0.6338,63.38,High Risk
CUST00009131,0.6338,63.38,High Risk
CUST00002787,0.6461,64.61,High Risk
CUST00008952,0.6437,64.37,High Risk
CUST00007180,0.6477,64.77,High Risk
CUST00007556,0.6354,63.54,High Risk
CUST00009324,0.6479,64.79,High Risk
CUST00001044,0.6477,64.77,High Risk
CUST00009546,0.6354,63.54,High Risk
CUST00001923,0.6071,60.71,High Risk
CUST00005452,0.6354,63.54,High Risk
CUST00007675,0.6477,64.77,High Risk
CUST00009964,0.6477,64.77,High Risk
CUST00000436,0.6338,63.38,High Risk
CUST00002027,0.6354,63.54,High Risk
CUST00007382,0.6477,64.77,High Risk
CUST00001092,0.6241,62.41,High Risk
CUST00005441,0.6338,63.38,High Risk
CUST00008406,0.6477,64.77,High Risk
CUST00006605,0.6477,64.77,High Risk
CUST00004670,0.6527,65.27,High Risk
CUST00004360,0.6437,64.37,High Risk
CUST00006158,0.6477,64.77,High Risk
CUST00003108,0.5851,58.51,High Risk
CUST00003097,0.6477,64.77,High Risk
CUST00007753,0.6354,63.54,High Risk
CUST00008953,0.6354,63.54,High Risk
CUST00004956,0.6354,63.54,High Risk
CUST00001036,0.6354,63.54,High Risk
CUST00000260,0.6354,63.54,High Risk
CUST00009365,0.6354,63.54,High Risk
CUST00000340,0.6354,63.54,High Risk
CUST00002433,0.6354,63.54,High Risk
CUST00003042,0.6354,63.54,High Risk
CUST00005233,0.6477,64.77,High Risk
CUST00000941,0.6479,64.79,High Risk
CUST00006123,0.6496,64.96,High Risk
CUST00008605,0.6419,64.19,High Risk
CUST00004513,0.6354,63.54,High Risk
CUST00006245,0.6437,64.37,High Risk
CUST00009388,0.6437,64.37,High Risk
CUST00009245,0.6225,62.25,High Risk
CUST00003707,0.6419,64.19,High Risk
CUST00008715,0.6583,65.83,High Risk
CUST00004150,0.6354,63.54,High Risk
CUST00004712,0.6354,63.54,High Risk
CUST00000013,0.6338,63.38,High Risk
CUST00009760,0.6354,63.54,High Risk
CUST00009440,0.6437,64.37,High Risk
CUST00002195,0.6354,63.54,High Risk
CUST00006475,0.6477,64.77,High Risk
CUST00003883,0.6354,63.54,High Risk
CUST00007767,0.6477,64.77,High Risk
CUST00002446,0.6419,64.19,High Risk
CUST00001729,0.6477,64.77,High Risk
CUST00008347,0.6477,64.77,High Risk
CUST00008806,0.6496,64.96,High Risk
CUST00009509,0.6477,64.77,High Risk
CUST00006367,0.6437,64.37,High Risk
CUST00007941,0.6354,63.54,High Risk
CUST00002366,0.6583,65.83,High Risk
CUST00003526,0.6861,68.61,High Risk
CUST00001600,0.6354,63.54,High Risk
CUST00007384,0.6461,64.61,High Risk
CUST00004794,0.6354,63.54,High Risk
CUST00008648,0.6354,63.54,High Risk
CUST00003001,0.6419,64.19,High Risk
CUST00002119,0.6071,60.71,High Risk
CUST00009664,0.6338,63.38,High Risk
CUST00006146,0.6354,63.54,High Risk
CUST00005272,0.6477,64.77,High Risk
CUST00006756,0.6444,64.44,High Risk
CUST00005960,0.6477,64.77,High Risk
CUST00002287,0.6354,63.54,High Risk
CUST00008778,0.6437,64.37,High Risk
CUST00000684,0.6437,64.37,High Risk
CUST00008408,0.6354,63.54,High Risk
CUST00009922,0.6477,64.77,High Risk
CUST00005044,0.6338,63.38,High Risk
CUST00006985,0.6477,64.77,High Risk
CUST00001625,0.6437,64.37,High Risk
CUST00002903,0.6477,64.77,High Risk
CUST00006856,0.6477,64.77,High Risk
CUST00003746,0.6437,64.37,High Risk
CUST00005327,0.6354,63.54,High Risk
CUST00009021,0.6354,63.54,High Risk
CUST00004169,0.6354,63.54,High Risk
CUST00008991,0.6419,64.19,High Risk
CUST00003788,0.6473,64.73,High Risk
CUST00000887,0.6354,63.54,High Risk
CUST00003548,0.6354,63.54,High Risk
CUST00001307,0.6354,63.54,High Risk
CUST00007957,0.6198,61.98,High Risk
CUST00002796,0.6354,63.54,High Risk
CUST00001669,0.6477,64.77,High Risk
CUST00003570,0.6354,63.54,High Risk
CUST00003140,0.6354,63.54,High Risk
CUST00006094,0.6477,64.77,High Risk
CUST00006981,0.5851,58.51,High Risk
CUST00008574,0.6477,64.77,High Risk
CUST00003513,0.6419,64.19,High Risk
CUST00003987,0.6354,63.54,High Risk
CUST00009395,0.5943,59.43,High Risk
CUST00007390,0.6354,63.54,High Risk
CUST00005141,0.6354,63.54,High Risk
CUST00006332,0.6477,64.77,High Risk
CUST00009030,0.6225,62.25,High Risk
CUST00006772,0.6437,64.37,High Risk
CUST00004075,0.6437,64.37,High Risk
CUST00001762,0.6354,63.54,High Risk
CUST00001823,0.6354,63.54,High Risk
CUST00002277,0.6338,63.38,High Risk
CUST00000898,0.6477,64.77,High Risk
CUST00007258,0.6477,64.77,High Risk
CUST00008295,0.6354,63.54,High Risk
CUST00000957,0.6338,63.38,High Risk
CUST00005763,0.6437,64.37,High Risk
CUST00009107,0.6479,64.79,High Risk
CUST00004591,0.6354,63.54,High Risk
CUST00005132,0.6354,63.54,High Risk
CUST00004535,0.6477,64.77,High Risk
CUST00004328,0.6477,64.77,High Risk
CUST00005354,0.6422,64.22,High Risk
CUST00000919,0.6477,64.77,High Risk
CUST00001467,0.6477,64.77,High Risk
CUST00008836,0.6338,63.38,High Risk
CUST00003659,0.6354,63.54,High Risk
CUST00008183,0.6354,63.54,High Risk
CUST00005314,0.6354,63.54,High Risk
CUST00009855,0.6477,64.77,High Risk
CUST00002396,0.6354,63.54,High Risk
CUST00000373,0.6354,63.54,High Risk
CUST00008722,0.6461,64.61,High Risk
CUST00008116,0.6477,64.77,High Risk
CUST00004233,0.6338,63.38,High Risk
CUST00001169,0.6477,64.77,High Risk
CUST00000040,0.6354,63.54,High Risk
CUST00002610,0.6354,63.54,High Risk
CUST00008021,0.6354,63.54,High Risk
CUST00000003,0.6354,63.54,High Risk
CUST00005572,0.6338,63.38,High Risk
CUST00005303,0.6356,63.56,High Risk
CUST00001666,0.6354,63.54,High Risk
CUST00007663,0.6477,64.77,High Risk
CUST00002724,0.6354,63.54,High Risk
CUST00000126,0.6354,63.54,High Risk
CUST00003767,0.6338,63.38,High Risk
CUST00004972,0.6527,65.27,High Risk
CUST00001325,0.6241,62.41,High Risk
CUST00000597,0.6338,63.38,High Risk
CUST00007404,0.6354,63.54,High Risk
CUST00006894,0.6477,64.77,High Risk
CUST00005129,0.6437,64.37,High Risk
CUST00000553,0.6477,64.77,High Risk
CUST00009380,0.6356,63.56,High Risk
CUST00008745,0.6404,64.04,High Risk
CUST00003405,0.598,59.8,High Risk
CUST00004707,0.6354,63.54,High Risk
CUST00002538,0.6225,62.25,High Risk
CUST00009127,0.6583,65.83,High Risk
CUST00005710,0.6354,63.54,High Risk
CUST00001300,0.6477,64.77,High Risk
CUST00005713,0.6477,64.77,High Risk
CUST00001949,0.6354,63.54,High Risk
CUST00008161,0.6479,64.79,High Risk
CUST00007594,0.6354,63.54,High Risk
CUST00004695,0.6354,63.54,High Risk
CUST00003351,0.6419,64.19,High Risk
CUST00004431,0.6583,65.83,High Risk
CUST00000611,0.6496,64.96,High Risk
CUST00006060,0.6354,63.54,High Risk
CUST00005759,0.6477,64.77,High Risk
CUST00004160,0.6477,64.77,High Risk
CUST00002969,0.6419,64.19,High Risk
CUST00008571,0.6354,63.54,High Risk
CUST00003843,0.6477,64.77,High Risk
CUST00002783,0.6338,63.38,High Risk
CUST00006580,0.6437,64.37,High Risk
CUST00008736,0.6437,64.37,High Risk
CUST00002673,0.6354,63.54,High Risk
CUST00008992,0.6364,63.64,High Risk
CUST00009810,0.6477,64.77,High Risk
CUST00003224,0.6354,63.54,High Risk
CUST00004928,0.6338,63.38,High Risk
CUST00004696,0.6354,63.54,High Risk
CUST00005499,0.6214,62.14,High Risk
CUST00002105,0.6354,63.54,High Risk
CUST00004222,0.6354,63.54,High Risk
CUST00004842,0.6354,63.54,High Risk
CUST00006144,0.6354,63.54,High Risk
CUST00006491,0.6477,64.77,High Risk
CUST00006390,0.6241,62.41,High Risk
CUST00009518,0.6354,63.54,High Risk
CUST00005999,0.6354,63.54,High Risk
CUST00009595,0.6354,63.54,High Risk
CUST00001678,0.6354,63.54,High Risk
CUST00003188,0.6354,63.54,High Risk
CUST00009822,0.6354,63.54,High Risk
CUST00001507,0.6437,64.37,High Risk
CUST00006347,0.6354,63.54,High Risk
CUST00004384,0.6354,63.54,High Risk
CUST00001956,0.6354,63.54,High Risk
CUST00003968,0.6354,63.54,High Risk
CUST00004847,0.634,63.4,High Risk
CUST00004573,0.6419,64.19,High Risk
CUST00006072,0.6225,62.25,High Risk
CUST00000310,0.6479,64.79,High Risk
CUST00005140,0.6419,64.19,High Risk
CUST00003712,0.6177,61.77,High Risk
CUST00006713,0.6354,63.54,High Risk
CUST00000864,0.6477,64.77,High Risk
CUST00008422,0.6338,63.38,High Risk
CUST00001318,0.6338,63.38,High Risk
CUST00009140,0.6338,63.38,High Risk
CUST00004019,0.6479,64.79,High Risk
CUST00005801,0.6354,63.54,High Risk
CUST00001384,0.6419,64.19,High Risk
CUST00000282,0.6477,64.77,High Risk
CUST00007894,0.6354,63.54,High Risk
CUST00003885,0.6437,64.37,High Risk
CUST00001883,0.6354,63.54,High Risk
CUST00004175,0.6354,63.54,High Risk
CUST00005770,0.6477,64.77,High Risk
CUST00008770,0.6354,63.54,High Risk
CUST00006117,0.6354,63.54,High Risk
CUST00004072,0.6354,63.54,High Risk
CUST00007754,0.6354,63.54,High Risk
CUST00002184,0.6437,64.37,High Risk
CUST00007177,0.6338,63.38,High Risk
CUST00002800,0.6354,63.54,High Risk
CUST00001840,0.6071,60.71,High Risk
CUST00008793,0.6338,63.38,High Risk
CUST00004367,0.6338,63.38,High Risk
CUST00004988,0.6354,63.54,High Risk
CUST00007752,0.6354,63.54,High Risk
CUST00000323,0.6354,63.54,High Risk
CUST00000428,0.6354,63.54,High Risk
CUST00009293,0.6419,64.19,High Risk
CUST00009520,0.6477,64.77,High Risk
CUST00005739,0.5587,55.87,High Risk
CUST00001941,0.6354,63.54,High Risk
CUST00002042,0.6354,63.54,High Risk
CUST00009334,0.6354,63.54,High Risk
CUST00008147,0.6354,63.54,High Risk
CUST00007487,0.6354,63.54,High Risk
CUST00002916,0.6354,63.54,High Risk
CUST00006595,0.6477,64.77,High Risk
CUST00005798,0.6354,63.54,High Risk
CUST00002617,0.6419,64.19,High Risk
CUST00008157,0.6354,63.54,High Risk
CUST00007966,0.6354,63.54,High Risk
CUST00004724,0.6354,63.54,High Risk
CUST00009162,0.6354,63.54,High Risk
CUST00008279,0.6354,63.54,High Risk
CUST00003142,0.6477,64.77,High Risk
CUST00008548,0.6354,63.54,High Risk
CUST00007889,0.6477,64.77,High Risk
CUST00007488,0.6338,63.38,High Risk
CUST00006453,0.6477,64.77,High Risk
CUST00007994,0.634,63.4,High Risk
CUST00003856,0.6354,63.54,High Risk
CUST00007042,0.6241,62.41,High Risk
CUST00002094,0.6338,63.38,High Risk
CUST00009541,0.6477,64.77,High Risk
CUST00003414,0.6338,63.38,High Risk
CUST00000523,0.6354,63.54,High Risk
CUST00005732,0.6461,64.61,High Risk
CUST00005472,0.6354,63.54,High Risk
CUST00002242,0.6354,63.54,High Risk
CUST00003977,0.6477,64.77,High Risk
CUST00004345,0.6354,63.54,High Risk
CUST00004209,0.6585,65.85,High Risk
CUST00005400,0.6477,64.77,High Risk
CUST00007920,0.6354,63.54,High Risk
CUST00009962,0.6071,60.71,High Risk
CUST00005096,0.6338,63.38,High Risk
CUST00007662,0.6437,64.37,High Risk
CUST00009655,0.6134,61.34,High Risk
CUST00005515,0.6354,63.54,High Risk
CUST00008421,0.6477,64.77,High Risk
CUST00006167,0.6461,64.61,High Risk
CUST00001739,0.6338,63.38,High Risk
CUST00000325,0.6477,64.77,High Risk
CUST00004969,0.6445,64.45,High Risk
CUST00005247,0.6354,63.54,High Risk
CUST00000092,0.6241,62.41,High Risk
CUST00002176,0.6354,63.54,High Risk
CUST00009106,0.6583,65.83,High Risk
CUST00006495,0.6354,63.54,High Risk
CUST00003086,0.6496,64.96,High Risk
CUST00002715,0.6354,63.54,High Risk
CUST00009068,0.6338,63.38,High Risk
CUST00008818,0.6354,63.54,High Risk
CUST00008160,0.6477,64.77,High Risk
CUST00004606,0.6354,63.54,High Risk
CUST00005635,0.6225,62.25,High Risk
CUST00007776,0.6437,64.37,High Risk
CUST00004962,0.6477,64.77,High Risk
CUST00004943,0.6738,67.38,High Risk
CUST00001501,0.6477,64.77,High Risk
CUST00002951,0.6354,63.54,High Risk
CUST00003896,0.6134,61.34,High Risk
CUST00005257,0.6354,63.54,High Risk
CUST00006433,0.6071,60.71,High Risk
CUST00005669,0.6354,63.54,High Risk
CUST00004083,0.6477,64.77,High Risk
CUST00005076,0.6583,65.83,High Risk
CUST00005489,0.6354,63.54,High Risk
CUST00006636,0.6479,64.79,High Risk
CUST00005656,0.6354,63.54,High Risk
CUST00000212,0.6477,64.77,High Risk
CUST00005895,0.6596,65.96,High Risk
CUST00005780,0.6338,63.38,High Risk
CUST00007285,0.6477,64.77,High Risk
CUST00007071,0.6354,63.54,High Risk
CUST00007046,0.6477,64.77,High Risk
CUST00009583,0.6338,63.38,High Risk
CUST00003320,0.6477,64.77,High Risk
CUST00004391,0.6338,63.38,High Risk
CUST00004457,0.6477,64.77,High Risk
CUST00001038,0.6354,63.54,High Risk
CUST00000762,0.6479,64.79,High Risk
CUST00000590,0.6354,63.54,High Risk
CUST00008242,0.6354,63.54,High Risk
CUST00001244,0.6354,63.54,High Risk
CUST00008970,0.6354,63.54,High Risk
CUST00002371,0.6241,62.41,High Risk
CUST00004121,0.6583,65.83,High Risk
CUST00008447,0.6596,65.96,High Risk
CUST00007234,0.6214,62.14,High Risk
CUST00004186,0.6477,64.77,High Risk
CUST00006372,0.6338,63.38,High Risk
CUST00008089,0.6354,63.54,High Risk
CUST00004388,0.6354,63.54,High Risk
CUST00008564,0.6354,63.54,High Risk
CUST00005353,0.6477,64.77,High Risk
CUST00007245,0.6354,63.54,High Risk
CUST00008900,0.6421,64.21,High Risk
CUST00001932,0.6354,63.54,High Risk
CUST00003279,0.6354,63.54,High Risk
CUST00001892,0.6354,63.54,High Risk
CUST00008459,0.6437,64.37,High Risk
CUST00002114,0.6338,63.38,High Risk
CUST00006764,0.6507,65.07,High Risk
CUST00005492,0.6338,63.38,High Risk
CUST00007412,0.6338,63.38,High Risk
CUST00004066,0.6477,64.77,High Risk
CUST00009066,0.6338,63.38,High Risk
CUST00001615,0.6437,64.37,High Risk
CUST00003183,0.6425,64.25,High Risk
CUST00001987,0.6338,63.38,High Risk
CUST00000821,0.6354,63.54,High Risk
CUST00001416,0.6338,63.38,High Risk
CUST00003840,0.6477,64.77,High Risk
CUST00008612,0.6354,63.54,High Risk
CUST00002343,0.6354,63.54,High Risk
CUST00002694,0.6477,64.77,High Risk
CUST00007081,0.6477,64.77,High Risk
CUST00002973,0.6437,64.37,High Risk
CUST00007739,0.6354,63.54,High Risk
CUST00004152,0.6354,63.54,High Risk
CUST00006026,0.5943,59.43,High Risk
CUST00008234,0.6419,64.19,High Risk
CUST00003519,0.6354,63.54,High Risk
CUST00009648,0.6354,63.54,High Risk
CUST00001010,0.6333,63.33,High Risk
CUST00005641,0.6354,63.54,High Risk
CUST00003096,0.6461,64.61,High Risk
CUST00004739,0.6419,64.19,High Risk
CUST00007782,0.6354,63.54,High Risk
CUST00005821,0.6354,63.54,High Risk
CUST00009710,0.6354,63.54,High Risk
CUST00004296,0.6194,61.94,High Risk
CUST00007427,0.6477,64.77,High Risk
CUST00009854,0.6354,63.54,High Risk
CUST00005196,0.6437,64.37,High Risk
CUST00009743,0.6354,63.54,High Risk
CUST00006484,0.6373,63.73,High Risk
CUST00004978,0.6354,63.54,High Risk
CUST00004841,0.69,69.0,High Risk
CUST00005711,0.5913,59.13,High Risk
CUST00002185,0.6419,64.19,High Risk
CUST00009722,0.6477,64.77,High Risk
CUST00009193,0.6419,64.19,High Risk
CUST00007667,0.6354,63.54,High Risk
CUST00009305,0.7983,79.83,High Risk
CUST00006993,0.6479,64.79,High Risk
CUST00000888,0.6496,64.96,High Risk
CUST00003227,0.6583,65.83,High Risk
CUST00001802,0.6354,63.54,High Risk
CUST00004517,0.6419,64.19,High Risk
CUST00005998,0.6354,63.54,High Risk
CUST00002347,0.6225,62.25,High Risk
CUST00004529,0.6437,64.37,High Risk
CUST00009753,0.6354,63.54,High Risk
CUST00002141,0.6354,63.54,High Risk
CUST00003135,0.6477,64.77,High Risk
CUST00005532,0.6596,65.96,High Risk
CUST00007135,0.6354,63.54,High Risk
CUST00000966,0.6477,64.77,High Risk
CUST00002853,0.6437,64.37,High Risk
CUST00005655,0.6354,63.54,High Risk
CUST00005701,0.6354,63.54,High Risk
CUST00002441,0.6058,60.58,High Risk
CUST00002675,0.6477,64.77,High Risk
CUST00002198,0.6354,63.54,High Risk
CUST00003750,0.6354,63.54,High Risk
CUST00003871,0.6477,64.77,High Risk
CUST00007173,0.6354,63.54,High Risk
CUST00003715,0.6437,64.37,High Risk
CUST00008798,0.6419,64.19,High Risk
CUST00000918,0.6583,65.83,High Risk
CUST00002860,0.6354,63.54,High Risk
CUST00007992,0.6477,64.77,High Risk
CUST00002162,0.6354,63.54,High Risk
CUST00008150,0.6354,63.54,High Risk
CUST00007708,0.6354,63.54,High Risk
CUST00008841,0.6354,63.54,High Risk
CUST00006905,0.6354,63.54,High Risk
CUST00008649,0.6477,64.77,High Risk
CUST00008139,0.6338,63.38,High Risk
CUST00001782,0.6583,65.83,High Risk
CUST00005717,0.6419,64.19,High Risk
CUST00000351,0.6354,63.54,High Risk
CUST00004542,0.6338,63.38,High Risk
CUST00006108,0.6354,63.54,High Risk
CUST00007566,0.6354,63.54,High Risk
CUST00008930,0.6419,64.19,High Risk
CUST00004027,0.6354,63.54,High Risk
CUST00008720,0.6198,61.98,High Risk
CUST00009842,0.6437,64.37,High Risk
CUST00003721,0.6338,63.38,High Risk
CUST00009786,0.6354,63.54,High Risk
CUST00000986,0.6437,64.37,High Risk
CUST00009190,0.6354,63.54,High Risk
CUST00004702,0.6477,64.77,High Risk
CUST00007887,0.6354,63.54,High Risk
CUST00008608,0.6354,63.54,High Risk
CUST00003550,0.6477,64.77,High Risk
CUST00006227,0.6354,63.54,High Risk
CUST00006419,0.6354,63.54,High Risk
CUST00007294,0.6419,64.19,High Risk
CUST00004095,0.6354,63.54,High Risk
CUST00008664,0.6514,65.14,High Risk
CUST00005318,0.619,61.9,High Risk
CUST00004421,0.6354,63.54,High Risk
CUST00009122,0.6354,63.54,High Risk
CUST00008763,0.6338,63.38,High Risk
CUST00003609,0.6354,63.54,High Risk
CUST00004447,0.6354,63.54,High Risk
CUST00002327,0.6354,63.54,High Risk
CUST00000251,0.6477,64.77,High Risk
CUST00003145,0.6477,64.77,High Risk
CUST00002706,0.6241,62.41,High Risk
CUST00003636,0.6419,64.19,High Risk
CUST00009632,0.644,64.4,High Risk
CUST00004633,0.6496,64.96,High Risk
CUST00009791,0.6354,63.54,High Risk
CUST00007607,0.6419,64.19,High Risk
CUST00008936,0.6419,64.19,High Risk
CUST00004689,0.6354,63.54,High Risk
CUST00004028,0.6477,64.77,High Risk
CUST00002998,0.6214,62.14,High Risk
CUST00002128,0.6419,64.19,High Risk
CUST00001544,0.6354,63.54,High Risk
CUST00007023,0.6477,64.77,High Risk
CUST00009338,0.6354,63.54,High Risk
CUST00000991,0.6477,64.77,High Risk
CUST00005482,0.6354,63.54,High Risk
CUST00008577,0.6354,63.54,High Risk
CUST00002584,0.6419,64.19,High Risk
CUST00009902,0.6437,64.37,High Risk
CUST00009755,0.6437,64.37,High Risk
CUST00006583,0.6477,64.77,High Risk
CUST00005764,0.6354,63.54,High Risk
CUST00006874,0.6338,63.38,High Risk
CUST00004632,0.6338,63.38,High Risk
CUST00001777,0.6233,62.33,High Risk
CUST00004859,0.6225,62.25,High Risk
CUST00001590,0.6354,63.54,High Risk
CUST00009478,0.6439,64.39,High Risk
CUST00004040,0.6477,64.77,High Risk
CUST00000699,0.6354,63.54,High Risk
CUST00007723,0.6354,63.54,High Risk
CUST00008607,0.6354,63.54,High Risk
CUST00001284,0.6225,62.25,High Risk
CUST00004885,0.6354,63.54,High Risk
CUST00008974,0.6354,63.54,High Risk
CUST00005886,0.6419,64.19,High Risk
CUST00003867,0.6354,63.54,High Risk
CUST00007493,0.6354,63.54,High Risk
CUST00000376,0.6338,63.38,High Risk
CUST00004567,0.6198,61.98,High Risk
CUST00000119,0.6225,62.25,High Risk
CUST00004054,0.6477,64.77,High Risk
CUST00009909,0.6338,63.38,High Risk
CUST00008617,0.6354,63.54,High Risk
CUST00006082,0.6354,63.54,High Risk
CUST00004357,0.6354,63.54,High Risk
CUST00006317,0.6354,63.54,High Risk
CUST00008543,0.6354,63.54,High Risk
CUST00008624,0.6437,64.37,High Risk
CUST00009576,0.6354,63.54,High Risk
CUST00009175,0.6477,64.77,High Risk
CUST00007587,0.6225,62.25,High Risk
CUST00008937,0.6419,64.19,High Risk
CUST00004210,0.6437,64.37,High Risk
CUST00003703,0.6419,64.19,High Risk
CUST00004108,0.6086,60.86,High Risk
CUST00009051,0.6354,63.54,High Risk
CUST00000447,0.6598,65.98,High Risk
CUST00009223,0.6354,63.54,High Risk
CUST00002754,0.6354,63.54,High Risk
CUST00001727,0.6549,65.49,High Risk
CUST00008741,0.6477,64.77,High Risk
CUST00008758,0.6419,64.19,High Risk
CUST00001389,0.6477,64.77,High Risk
CUST00001553,0.6477,64.77,High Risk
CUST00008281,0.6354,63.54,High Risk
CUST00002755,0.6437,64.37,High Risk
CUST00005659,0.6596,65.96,High Risk
CUST00000244,0.6437,64.37,High Risk
CUST00001084,0.6338,63.38,High Risk
CUST00007870,0.6477,64.77,High Risk
CUST00009479,0.6354,63.54,High Risk
CUST00007209,0.6354,63.54,High Risk
CUST00000234,0.6338,63.38,High Risk
CUST00007458,0.6477,64.77,High Risk
CUST00007838,0.6354,63.54,High Risk
CUST00001604,0.6233,62.33,High Risk
CUST00006121,0.6354,63.54,High Risk
CUST00000851,0.6477,64.77,High Risk
CUST00002616,0.6596,65.96,High Risk
CUST00004805,0.6338,63.38,High Risk
CUST00008928,0.6477,64.77,High Risk
CUST00005208,0.6582,65.82,High Risk
CUST00002619,0.6354,63.54,High Risk
CUST00006156,0.6437,64.37,High Risk
CUST00004587,0.6354,63.54,High Risk
CUST00003454,0.6354,63.54,High Risk
CUST00003012,0.6437,64.37,High Risk
CUST00007223,0.6338,63.38,High Risk
CUST00009697,0.6354,63.54,High Risk
CUST00006822,0.6583,65.83,High Risk
CUST00004813,0.6477,64.77,High Risk
CUST00009959,0.6354,63.54,High Risk
CUST00005575,0.6354,63.54,High Risk
CUST00005680,0.6354,63.54,High Risk
CUST00008214,0.6477,64.77,High Risk
CUST00002993,0.6419,64.19,High Risk
CUST00006940,0.6354,63.54,High Risk
CUST00005466,0.6225,62.25,High Risk
CUST00001517,0.6477,64.77,High Risk
CUST00008526,0.6419,64.19,High Risk
CUST00007327,0.6354,63.54,High Risk
CUST00005907,0.6338,63.38,High Risk
CUST00001370,0.6338,63.38,High Risk
CUST00004390,0.6354,63.54,High Risk
CUST00005520,0.6354,63.54,High Risk
CUST00000249,0.6437,64.37,High Risk
CUST00001147,0.609,60.9,High Risk
CUST00007991,0.6338,63.38,High Risk
CUST00002302,0.6437,64.37,High Risk
CUST00009711,0.6373,63.73,High Risk
CUST00004055,0.6354,63.54,High Risk
CUST00008180,0.6354,63.54,High Risk
CUST00008995,0.5851,58.51,High Risk
CUST00001231,0.6055,60.55,High Risk
CUST00001763,0.6477,64.77,High Risk
CUST00006460,0.6354,63.54,High Risk
CUST00000046,0.6354,63.54,High Risk
CUST00007565,0.6354,63.54,High Risk
CUST00009941,0.6477,64.77,High Risk
CUST00004078,0.6477,64.77,High Risk
CUST00002331,0.6477,64.77,High Risk
CUST00001039,0.6437,64.37,High Risk
CUST00005728,0.6419,64.19,High Risk
CUST00000614,0.6861,68.61,High Risk
CUST00006296,0.6583,65.83,High Risk
CUST00007550,0.6437,64.37,High Risk
CUST00001735,0.6225,62.25,High Risk
CUST00008220,0.6419,64.19,High Risk
CUST00008091,0.6354,63.54,High Risk
CUST00002966,0.6354,63.54,High Risk
CUST00006913,0.6354,63.54,High Risk
CUST00001509,0.6225,62.25,High Risk
CUST00007076,0.6354,63.54,High Risk
CUST00000194,0.6354,63.54,High Risk
CUST00007006,0.6354,63.54,High Risk
CUST00002292,0.6479,64.79,High Risk
CUST00001094,0.6477,64.77,High Risk
CUST00008277,0.6477,64.77,High Risk
CUST00003157,0.6557,65.57,High Risk
CUST00002739,0.6437,64.37,High Risk
CUST00004646,0.6354,63.54,High Risk
CUST00000495,0.7379,73.79,High Risk
CUST00001065,0.6496,64.96,High Risk
CUST00001712,0.6354,63.54,High Risk
CUST00003416,0.6354,63.54,High Risk
CUST00008449,0.6596,65.96,High Risk
CUST00007455,0.6225,62.25,High Risk
CUST00009532,0.6071,60.71,High Risk
CUST00003165,0.6241,62.41,High Risk
CUST00004039,0.6354,63.54,High Risk
CUST00007082,0.6296,62.96,High Risk
CUST00002944,0.6419,64.19,High Risk
CUST00009096,0.6338,63.38,High Risk
CUST00004688,0.6354,63.54,High Risk
CUST00003904,0.6354,63.54,High Risk
CUST00008218,0.652,65.2,High Risk
CUST00007448,0.6338,63.38,High Risk
CUST00004717,0.6354,63.54,High Risk
CUST00001409,0.6479,64.79,High Risk
CUST00005881,0.5869,58.69,High Risk
CUST00002573,0.6457,64.57,High Risk
CUST00000745,0.6354,63.54,High Risk
CUST00000437,0.6354,63.54,High Risk
CUST00000773,0.6477,64.77,High Risk
CUST00000521,0.6419,64.19,High Risk
CUST00008675,0.6354,63.54,High Risk
CUST00005041,0.6477,64.77,High Risk
CUST00000457,0.6225,62.25,High Risk
CUST00007927,0.6477,64.77,High Risk
CUST00009493,0.6338,63.38,High Risk
CUST00007706,0.6861,68.61,High Risk
CUST00008586,0.6354,63.54,High Risk
CUST00002763,0.6354,63.54,High Risk
CUST00007743,0.6338,63.38,High Risk
CUST00008552,0.6477,64.77,High Risk
CUST00006935,0.6354,63.54,High Risk
CUST00001381,0.6437,64.37,High Risk
CUST00006540,0.6271,62.71,High Risk
CUST00003319,0.6338,63.38,High Risk
CUST00005586,0.634,63.4,High Risk
CUST00003640,0.6354,63.54,High Risk
CUST00003417,0.6338,63.38,High Risk
CUST00003217,0.6105,61.05,High Risk
CUST00005295,0.6338,63.38,High Risk
CUST00008060,0.6354,63.54,High Risk
CUST00005979,0.6477,64.77,High Risk
CUST00007449,0.6477,64.77,High Risk
CUST00008049,0.6354,63.54,High Risk
CUST00000268,0.6477,64.77,High Risk
CUST00001851,0.6225,62.25,High Risk
CUST00005187,0.6419,64.19,High Risk
CUST00008300,0.6354,63.54,High Risk
CUST00008750,0.6437,64.37,High Risk
CUST00008124,0.6527,65.27,High Risk
CUST00006866,0.6477,64.77,High Risk
CUST00004441,0.6583,65.83,High Risk
CUST00007788,0.6477,64.77,High Risk
CUST00001136,0.6354,63.54,High Risk
CUST00004642,0.6354,63.54,High Risk
CUST00004963,0.6354,63.54,High Risk
CUST00003886,0.6354,63.54,High Risk
CUST00008269,0.6354,63.54,High Risk
CUST00001012,0.6437,64.37,High Risk
CUST00008046,0.6354,63.54,High Risk
CUST00009249,0.6354,63.54,High Risk
CUST00005684,0.6437,64.37,High Risk
CUST00001780,0.6354,63.54,High Risk
CUST00001439,0.6477,64.77,High Risk
CUST00002479,0.6596,65.96,High Risk
CUST00002453,0.6419,64.19,High Risk
CUST00004366,0.6419,64.19,High Risk
CUST00007890,0.6354,63.54,High Risk
CUST00006038,0.6225,62.25,High Risk
CUST00007406,0.6354,63.54,High Risk
CUST00008712,0.6437,64.37,High Risk
CUST00003376,0.6354,63.54,High Risk
CUST00002391,0.6354,63.54,High Risk
CUST00006112,0.6354,63.54,High Risk
CUST00004661,0.6437,64.37,High Risk
CUST00009422,0.6225,62.25,High Risk
CUST00005686,0.6241,62.41,High Risk
CUST00003493,0.6354,63.54,High Risk
CUST00007109,0.6354,63.54,High Risk
CUST00000811,0.6233,62.33,High Risk
CUST00000434,0.6354,63.54,High Risk
CUST00004410,0.6354,63.54,High Risk
CUST00004520,0.6354,63.54,High Risk
CUST00007351,0.6496,64.96,High Risk
CUST00007073,0.6354,63.54,High Risk
CUST00006444,0.6354,63.54,High Risk
CUST00008521,0.6354,63.54,High Risk
CUST00003028,0.6354,63.54,High Risk
CUST00005485,0.6338,63.38,High Risk
CUST00006040,0.6354,63.54,High Risk
CUST00001715,0.6354,63.54,High Risk
CUST00002585,0.6225,62.25,High Risk
CUST00007604,0.6419,64.19,High Risk
CUST00006265,0.6194,61.94,High Risk
CUST00001076,0.6354,63.54,High Risk
CUST00004142,0.6338,63.38,High Risk
CUST00007060,0.6354,63.54,High Risk
CUST00003591,0.6354,63.54,High Risk
CUST00000280,0.6596,65.96,High Risk
CUST00002101,0.6241,62.41,High Risk
CUST00008361,0.619,61.9,High Risk
CUST00004129,0.6354,63.54,High Risk
CUST00006719,0.6461,64.61,High Risk
CUST00001832,0.6477,64.77,High Risk
CUST00004442,0.6419,64.19,High Risk
CUST00007432,0.6354,63.54,High Risk
CUST00006114,0.6557,65.57,High Risk
CUST00005107,0.6214,62.14,High Risk
CUST00002488,0.6354,63.54,High Risk
CUST00000271,0.6419,64.19,High Risk
CUST00008764,0.6354,63.54,High Risk
CUST00009104,0.6225,62.25,High Risk
CUST00005422,0.6354,63.54,High Risk
CUST00005696,0.6225,62.25,High Risk
CUST00008200,0.6354,63.54,High Risk
CUST00003693,0.6354,63.54,High Risk
CUST00007967,0.6354,63.54,High Risk
CUST00003069,0.6419,64.19,High Risk
CUST00008754,0.6477,64.77,High Risk
CUST00008702,0.6437,64.37,High Risk
CUST00009087,0.6354,63.54,High Risk
CUST00008099,0.6583,65.83,High Risk
CUST00008291,0.6496,64.96,High Risk
CUST00007379,0.6354,63.54,High Risk
CUST00002200,0.6354,63.54,High Risk
CUST00000568,0.6354,63.54,High Risk
CUST00007864,0.6477,64.77,High Risk
CUST00005983,0.6477,64.77,High Risk
CUST00005667,0.6419,64.19,High Risk
CUST00007938,0.6496,64.96,High Risk
CUST00007726,0.6338,63.38,High Risk
CUST00004407,0.6354,63.54,High Risk
CUST00000108,0.6225,62.25,High Risk
CUST00006380,0.6373,63.73,High Risk
CUST00006236,0.6437,64.37,High Risk
CUST00009579,0.619,61.9,High Risk
CUST00005418,0.6181,61.81,High Risk
CUST00008331,0.6338,63.38,High Risk
CUST00003467,0.6797,67.97,High Risk
CUST00004179,0.6354,63.54,High Risk
CUST00000704,0.6338,63.38,High Risk
CUST00009543,0.6354,63.54,High Risk
CUST00004450,0.6354,63.54,High Risk
CUST00000241,0.6354,63.54,High Risk
CUST00001089,0.6477,64.77,High Risk
CUST00000321,0.6225,62.25,High Risk
CUST00008284,0.6198,61.98,High Risk
CUST00001571,0.6354,63.54,High Risk
CUST00003383,0.6583,65.83,High Risk
CUST00005215,0.6477,64.77,High Risk
CUST00009414,0.6338,63.38,High Risk
CUST00008603,0.6354,63.54,High Risk
CUST00003323,0.6477,64.77,High Risk
CUST00009634,0.6338,63.38,High Risk
CUST00001578,0.6583,65.83,High Risk
CUST00009002,0.6477,64.77,High Risk
CUST00008455,0.6419,64.19,High Risk
CUST00003143,0.6419,64.19,High Risk
CUST00000442,0.6477,64.77,High Risk
CUST00005006,0.6338,63.38,High Risk
CUST00000726,0.6225,62.25,High Risk
CUST00006314,0.6741,67.41,High Risk
CUST00001108,0.6437,64.37,High Risk
CUST00007024,0.6275,62.75,High Risk
CUST00005382,0.619,61.9,High Risk
CUST00003507,0.6437,64.37,High Risk
CUST00006916,0.6354,63.54,High Risk
CUST00000665,0.6419,64.19,High Risk
CUST00001686,0.6354,63.54,High Risk
CUST00006386,0.6437,64.37,High Risk
CUST00002429,0.8379,83.79,Very High Risk
CUST00005893,0.6354,63.54,High Risk
CUST00005860,0.6354,63.54,High Risk
CUST00000301,0.6596,65.96,High Risk
CUST00002599,0.6477,64.77,High Risk
CUST00005032,0.6477,64.77,High Risk
CUST00002811,0.6477,64.77,High Risk
CUST00006294,0.6477,64.77,High Risk
CUST00004464,0.6354,63.54,High Risk
CUST00003638,0.6477,64.77,High Risk
CUST00003314,0.6354,63.54,High Risk
CUST00005901,0.6354,63.54,High Risk
CUST00006408,0.6354,63.54,High Risk
CUST00003573,0.6354,63.54,High Risk
CUST00002518,0.6477,64.77,High Risk
CUST00005623,0.6354,63.54,High Risk
CUST00005874,0.6822,68.22,High Risk
CUST00003935,0.6437,64.37,High Risk
CUST00002737,0.6702,67.02,High Risk
CUST00008884,0.6354,63.54,High Risk
CUST00008375,0.6437,64.37,High Risk
CUST00003810,0.6354,63.54,High Risk
CUST00006523,0.6596,65.96,High Risk
CUST00006604,0.6338,63.38,High Risk
CUST00001317,0.6338,63.38,High Risk
CUST00008837,0.6477,64.77,High Risk
CUST00006518,0.6354,63.54,High Risk
CUST00009148,0.6419,64.19,High Risk
CUST00003440,0.6419,64.19,High Risk
CUST00000694,0.6477,64.77,High Risk
CUST00002920,0.6354,63.54,High Risk
CUST00009077,0.6477,64.77,High Risk
CUST00000231,0.6354,63.54,High Risk
CUST00009444,0.6419,64.19,High Risk
CUST00007350,0.6354,63.54,High Risk
CUST00000706,0.6354,63.54,High Risk
CUST00008751,0.6477,64.77,High Risk
CUST00005451,0.6356,63.56,High Risk
CUST00002065,0.6338,63.38,High Risk
CUST00009945,0.6477,64.77,High Risk
CUST00005192,0.6338,63.38,High Risk
CUST00002107,0.6354,63.54,High Risk
CUST00004627,0.6437,64.37,High Risk
CUST00008856,0.6354,63.54,High Risk
CUST00005892,0.6477,64.77,High Risk
CUST00000445,0.6071,60.71,High Risk
CUST00003139,0.6602,66.02,High Risk
CUST00009731,0.6477,64.77,High Risk
CUST00009846,0.6354,63.54,High Risk
CUST00005263,0.6694,66.94,High Risk
CUST00005570,0.6354,63.54,High Risk
CUST00009759,0.6419,64.19,High Risk
CUST00000252,0.6354,63.54,High Risk
CUST00003893,0.6338,63.38,High Risk
CUST00008072,0.6437,64.37,High Risk
CUST00008542,0.6354,63.54,High Risk
CUST00001305,0.6354,63.54,High Risk
CUST00007608,0.6479,64.79,High Risk
CUST00003150,0.6496,64.96,High Risk
CUST00002486,0.6419,64.19,High Risk
CUST00005092,0.6354,63.54,High Risk
CUST00009369,0.6583,65.83,High Risk
CUST00004947,0.6055,60.55,High Risk
CUST00006378,0.6354,63.54,High Risk
CUST00007651,0.6477,64.77,High Risk
CUST00002732,0.6527,65.27,High Risk
CUST00001889,0.6354,63.54,High Risk
CUST00001747,0.6354,63.54,High Risk
CUST00003007,0.6354,63.54,High Risk
CUST00006081,0.6583,65.83,High Risk
CUST00003148,0.6479,64.79,High Risk
CUST00003578,0.6496,64.96,High Risk
CUST00005155,0.6321,63.21,High Risk
CUST00009437,0.6338,63.38,High Risk
CUST00006057,0.6477,64.77,High Risk
CUST00009289,0.6419,64.19,High Risk
CUST00005387,0.6583,65.83,High Risk
CUST00005056,0.6422,64.22,High Risk
CUST00000540,0.6354,63.54,High Risk
CUST00000481,0.6225,62.25,High Risk
CUST00000974,0.6225,62.25,High Risk
CUST00002874,0.6071,60.71,High Risk
CUST00006704,0.6354,63.54,High Risk
CUST00008252,0.6354,63.54,High Risk
CUST00006971,0.6354,63.54,High Risk
CUST00007355,0.6354,63.54,High Risk
CUST00001091,0.6354,63.54,High Risk
CUST00004737,0.6354,63.54,High Risk
CUST00005363,0.6354,63.54,High Risk
CUST00009819,0.6354,63.54,High Risk
CUST00003172,0.6583,65.83,High Risk
CUST00002083,0.6134,61.34,High Risk
CUST00004618,0.6225,62.25,High Risk
CUST00009610,0.5851,58.51,High Risk
CUST00005614,0.6477,64.77,High Risk
CUST00005743,0.6354,63.54,High Risk
CUST00009925,0.6354,63.54,High Risk
CUST00008567,0.6354,63.54,High Risk
CUST00002334,0.6071,60.71,High Risk
CUST00006758,0.6354,63.54,High Risk
CUST00009980,0.6354,63.54,High Risk
CUST00009640,0.6477,64.77,High Risk
CUST00007325,0.6583,65.83,High Risk
CUST00009416,0.6419,64.19,High Risk
CUST00001927,0.6354,63.54,High Risk
CUST00006712,0.6354,63.54,High Risk
CUST00006760,0.6419,64.19,High Risk
CUST00000422,0.6461,64.61,High Risk
CUST00007840,0.6437,64.37,High Risk
CUST00002869,0.6477,64.77,High Risk
CUST00005844,0.6437,64.37,High Risk
CUST00002390,0.6354,63.54,High Risk
CUST00006197,0.6479,64.79,High Risk
CUST00002740,0.6477,64.77,High Risk
CUST00007834,0.6201,62.01,High Risk
CUST00005613,0.6477,64.77,High Risk
CUST00003801,0.6419,64.19,High Risk
CUST00009910,0.6354,63.54,High Risk
CUST00008098,0.6477,64.77,High Risk
CUST00004592,0.6354,63.54,High Risk
CUST00007222,0.6583,65.83,High Risk
CUST00000624,0.6477,64.77,High Risk
CUST00009804,0.6694,66.94,High Risk
CUST00000462,0.6354,63.54,High Risk
CUST00001764,0.6477,64.77,High Risk
CUST00009089,0.6437,64.37,High Risk
CUST00004025,0.6354,63.54,High Risk
CUST00003939,0.6354,63.54,High Risk
CUST00004119,0.6225,62.25,High Risk
CUST00001167,0.6437,64.37,High Risk
CUST00005047,0.6477,64.77,High Risk
CUST00004445,0.6071,60.71,High Risk
CUST00004433,0.6583,65.83,High Risk
CUST00001643,0.6354,63.54,High Risk
CUST00007050,0.6354,63.54,High Risk
CUST00001505,0.6354,63.54,High Risk
CUST00000771,0.6463,64.63,High Risk
CUST00000366,0.6338,63.38,High Risk
CUST00009176,0.6354,63.54,High Risk
CUST00006836,0.6354,63.54,High Risk
CUST00001449,0.6477,64.77,High Risk
CUST00000138,0.6338,63.38,High Risk
CUST00003120,0.6354,63.54,High Risk
CUST00002225,0.6479,64.79,High Risk
CUST00004088,0.6477,64.77,High Risk
CUST00004385,0.6861,68.61,High Risk
CUST00003844,0.6583,65.83,High Risk
CUST00003267,0.6477,64.77,High Risk
CUST00002138,0.6338,63.38,High Risk
CUST00002895,0.6354,63.54,High Risk
CUST00005919,0.6477,64.77,High Risk
CUST00005695,0.6477,64.77,High Risk
CUST00006068,0.6354,63.54,High Risk
CUST00006531,0.6419,64.19,High Risk
CUST00009808,0.6477,64.77,High Risk
CUST00009529,0.6477,64.77,High Risk
CUST00000537,0.6437,64.37,High Risk
CUST00009257,0.5964,59.64,High Risk
CUST00002143,0.6354,63.54,High Risk
CUST00002330,0.6354,63.54,High Risk
CUST00000736,0.6437,64.37,High Risk
CUST00002134,0.6354,63.54,High Risk
CUST00003013,0.6198,61.98,High Risk
CUST00004493,0.3721,37.21,Medium Risk
CUST00002136,0.6583,65.83,High Risk
CUST00004858,0.6461,64.61,High Risk
CUST00003646,0.6225,62.25,High Risk
CUST00005594,0.6354,63.54,High Risk
CUST00005380,0.6354,63.54,High Risk
CUST00000030,0.6354,63.54,High Risk
CUST00009677,0.6354,63.54,High Risk
CUST00005046,0.6354,63.54,High Risk
CUST00003222,0.6477,64.77,High Risk
CUST00000490,0.6354,63.54,High Risk
CUST00000140,0.6354,63.54,High Risk
CUST00008685,0.6338,63.38,High Risk
CUST00006045,0.6354,63.54,High Risk
CUST00002636,0.6354,63.54,High Risk
CUST00007524,0.6071,60.71,High Risk
CUST00009183,0.6527,65.27,High Risk
CUST00007676,0.6338,63.38,High Risk
CUST00007896,0.6354,63.54,High Risk
CUST00008783,0.6354,63.54,High Risk
CUST00003535,0.6477,64.77,High Risk
CUST00004165,0.6354,63.54,High Risk
CUST00006766,0.6225,62.25,High Risk
CUST00004361,0.6861,68.61,High Risk
CUST00005167,0.6477,64.77,High Risk
CUST00002164,0.6354,63.54,High Risk
CUST00005139,0.6419,64.19,High Risk
CUST00003184,0.6338,63.38,High Risk
CUST00009521,0.6419,64.19,High Risk
CUST00001022,0.6354,63.54,High Risk
CUST00000050,0.6702,67.02,High Risk
CUST00004967,0.6354,63.54,High Risk
CUST00000228,0.6496,64.96,High Risk
CUST00009080,0.6354,63.54,High Risk
CUST00006592,0.6527,65.27,High Risk
CUST00008876,0.6354,63.54,High Risk
CUST00003521,0.6477,64.77,High Risk
CUST00001135,0.6354,63.54,High Risk
CUST00009229,0.6338,63.38,High Risk
CUST00004176,0.6461,64.61,High Risk
CUST00008403,0.6214,62.14,High Risk
CUST00003059,0.6354,63.54,High Risk
CUST00004815,0.6354,63.54,High Risk
CUST00003008,0.6477,64.77,High Risk
CUST00006235,0.6354,63.54,High Risk
CUST00007965,0.6338,63.38,High Risk
CUST00008976,0.6419,64.19,High Risk
CUST00004067,0.6437,64.37,High Risk
CUST00000307,0.6225,62.25,High Risk
CUST00005426,0.6477,64.77,High Risk
CUST00003468,0.619,61.9,High Risk
CUST00001536,0.6419,64.19,High Risk
CUST00003959,0.6437,64.37,High Risk
CUST00004248,0.6354,63.54,High Risk
CUST00006141,0.6338,63.38,High Risk
CUST00009317,0.6338,63.38,High Risk
CUST00001800,0.6354,63.54,High Risk
CUST00005654,0.6419,64.19,High Risk
CUST00002444,0.6225,62.25,High Risk
CUST00003938,0.6354,63.54,High Risk
CUST00003481,0.6354,63.54,High Risk
CUST00008393,0.6477,64.77,High Risk
CUST00009571,0.6354,63.54,High Risk
CUST00005320,0.6338,63.38,High Risk
CUST00006455,0.6354,63.54,High Risk
CUST00002013,0.6354,63.54,High Risk
CUST00007906,0.6338,63.38,High Risk
CUST00005755,0.6354,63.54,High Risk
CUST00005108,0.6437,64.37,High Risk
CUST00008257,0.6419,64.19,High Risk
CUST00000120,0.6354,63.54,High Risk
CUST00007119,0.6477,64.77,High Risk
CUST00006077,0.6354,63.54,High Risk
CUST00009713,0.6477,64.77,High Risk
CUST00000548,0.6354,63.54,High Risk
CUST00007268,0.6354,63.54,High Risk
CUST00008407,0.6419,64.19,High Risk
CUST00009468,0.6225,62.25,High Risk
CUST00004761,0.6338,63.38,High Risk
CUST00002670,0.6354,63.54,High Risk
CUST00004305,0.6354,63.54,High Risk
CUST00000263,0.6479,64.79,High Risk
CUST00007095,0.6477,64.77,High Risk
CUST00008132,0.6225,62.25,High Risk
CUST00005947,0.6071,60.71,High Risk
CUST00001055,0.6225,62.25,High Risk
CUST00000632,0.6354,63.54,High Risk
CUST00007297,0.6636,66.36,High Risk
CUST00003969,0.6354,63.54,High Risk
CUST00009611,0.6354,63.54,High Risk
CUST00009866,0.6338,63.38,High Risk
CUST00007770,0.6477,64.77,High Risk
CUST00007810,0.6354,63.54,High Risk
CUST00007038,0.6354,63.54,High Risk
CUST00007467,0.6437,64.37,High Risk
CUST00003122,0.6363,63.63,High Risk
CUST00007586,0.6354,63.54,High Risk
CUST00009918,0.6477,64.77,High Risk
CUST00006966,0.6354,63.54,High Risk
CUST00005738,0.6354,63.54,High Risk
CUST00006979,0.6354,63.54,High Risk
CUST00007741,0.6134,61.34,High Risk
CUST00003547,0.6354,63.54,High Risk
CUST00007107,0.6225,62.25,High Risk
CUST00009213,0.6321,63.21,High Risk
CUST00007310,0.6354,63.54,High Risk
CUST00005799,0.6356,63.56,High Risk
CUST00005598,0.6437,64.37,High Risk
CUST00005908,0.6354,63.54,High Risk
CUST00000606,0.609,60.9,High Risk
CUST00004229,0.6354,63.54,High Risk
CUST00003719,0.6541,65.41,High Risk
CUST00006696,0.6496,64.96,High Risk
CUST00000389,0.6071,60.71,High Risk
CUST00005434,0.6477,64.77,High Risk
CUST00002847,0.6225,62.25,High Risk
CUST00001077,0.6477,64.77,High Risk
CUST00002943,0.6437,64.37,High Risk
CUST00003174,0.6354,63.54,High Risk
CUST00003310,0.6354,63.54,High Risk
CUST00005146,0.6461,64.61,High Risk
CUST00007972,0.6214,62.14,High Risk
CUST00001586,0.6477,64.77,High Risk
CUST00008103,0.5964,59.64,High Risk
CUST00000779,0.6477,64.77,High Risk
CUST00001564,0.6477,64.77,High Risk
CUST00002411,0.6583,65.83,High Risk
CUST00000079,0.6437,64.37,High Risk
CUST00009124,0.6354,63.54,High Risk
CUST00006933,0.6354,63.54,High Risk
CUST00006536,0.6437,64.37,High Risk
CUST00004496,0.6354,63.54,High Risk
CUST00005752,0.6419,64.19,High Risk
CUST00009027,0.6477,64.77,High Risk
CUST00008748,0.6477,64.77,High Risk
CUST00003490,0.6477,64.77,High Risk
CUST00003957,0.6354,63.54,High Risk
CUST00009029,0.6477,64.77,High Risk
CUST00003584,0.6354,63.54,High Risk
CUST00006382,0.6338,63.38,High Risk
CUST00007312,0.6225,62.25,High Risk
CUST00004134,0.6055,60.55,High Risk
CUST00005996,0.6354,63.54,High Risk
CUST00002679,0.6354,63.54,High Risk
CUST00001550,0.6596,65.96,High Risk
CUST00004888,0.6421,64.21,High Risk
CUST00000330,0.7137,71.37,High Risk
CUST00008039,0.6437,64.37,High Risk
CUST00009424,0.6419,64.19,High Risk
CUST00005100,0.6419,64.19,High Risk
CUST00004190,0.6437,64.37,High Risk
CUST00004965,0.6477,64.77,High Risk
CUST00005120,0.6354,63.54,High Risk
CUST00002504,0.6354,63.54,High Risk
CUST00001931,0.6477,64.77,High Risk
CUST00009102,0.6477,64.77,High Risk
CUST00002340,0.6354,63.54,High Risk
CUST00003884,0.6477,64.77,High Risk
CUST00000426,0.6437,64.37,High Risk
CUST00007160,0.6477,64.77,High Risk
CUST00005095,0.6354,63.54,High Risk
CUST00004807,0.6354,63.54,High Risk
CUST00000329,0.6477,64.77,High Risk
CUST00002633,0.6477,64.77,High Risk
CUST00009908,0.6354,63.54,High Risk
CUST00006014,0.6354,63.54,High Risk
CUST00002866,0.6477,64.77,High Risk
CUST00002167,0.6354,63.54,High Risk
CUST00002401,0.6225,62.25,High Risk
CUST00007453,0.6354,63.54,High Risk
CUST00002719,0.6354,63.54,High Risk
CUST00002150,0.6551,65.51,High Risk
CUST00002447,0.6354,63.54,High Risk
CUST00005914,0.6477,64.77,High Risk
CUST00005622,0.6354,63.54,High Risk
CUST00000814,0.6241,62.41,High Risk
CUST00000190,0.6437,64.37,High Risk
CUST00004715,0.6354,63.54,High Risk
CUST00004196,0.6496,64.96,High Risk
CUST00005033,0.619,61.9,High Risk
CUST00004369,0.6338,63.38,High Risk
CUST00005685,0.6461,64.61,High Risk
CUST00009862,0.6354,63.54,High Risk
CUST00002238,0.6338,63.38,High Risk
CUST00009598,0.6354,63.54,High Risk
CUST00009205,0.6354,63.54,High Risk
CUST00001227,0.6354,63.54,High Risk
CUST00003020,0.6477,64.77,High Risk
CUST00003828,0.6338,63.38,High Risk
CUST00007772,0.6477,64.77,High Risk
CUST00003066,0.6354,63.54,High Risk
CUST00005490,0.6477,64.77,High Risk
CUST00002967,0.6419,64.19,High Risk
CUST00002451,0.6354,63.54,High Risk
CUST00008980,0.6496,64.96,High Risk
CUST00007515,0.6354,63.54,High Risk
CUST00008062,0.6338,63.38,High Risk
CUST00002001,0.6055,60.55,High Risk
CUST00003321,0.6134,61.34,High Risk
CUST00006434,0.6437,64.37,High Risk
CUST00007722,0.6354,63.54,High Risk
CUST00004325,0.6354,63.54,High Risk
CUST00003225,0.6134,61.34,High Risk
CUST00009462,0.634,63.4,High Risk
CUST00003163,0.6225,62.25,High Risk
CUST00004018,0.6496,64.96,High Risk
CUST00002974,0.6437,64.37,High Risk
CUST00003826,0.6354,63.54,High Risk
CUST00005094,0.6477,64.77,High Risk
CUST00006182,0.6354,63.54,High Risk
CUST00001421,0.6477,64.77,High Risk
CUST00008889,0.6354,63.54,High Risk
CUST00003510,0.6354,63.54,High Risk
CUST00005068,0.6058,60.58,High Risk
CUST00003448,0.6354,63.54,High Risk
CUST00006780,0.6419,64.19,High Risk
CUST00003873,0.6477,64.77,High Risk
CUST00008038,0.6354,63.54,High Risk
CUST00005019,0.6354,63.54,High Risk
CUST00001768,0.6214,62.14,High Risk
CUST00004207,0.6437,64.37,High Risk
CUST00000784,0.6225,62.25,High Risk
CUST00005652,0.6354,63.54,High Risk
CUST00001882,0.6338,63.38,High Risk
CUST00000012,0.6338,63.38,High Risk
CUST00004652,0.6477,64.77,High Risk
CUST00006370,0.6419,64.19,High Risk
CUST00007122,0.6354,63.54,High Risk
CUST00006225,0.6354,63.54,High Risk
CUST00006768,0.6477,64.77,High Risk
CUST00004775,0.6338,63.38,High Risk
CUST00000402,0.6354,63.54,High Risk
CUST00008182,0.6437,64.37,High Risk
CUST00001406,0.6354,63.54,High Risk
CUST00008031,0.6437,64.37,High Risk
CUST00007900,0.6477,64.77,High Risk
CUST00001716,0.6477,64.77,High Risk
CUST00008478,0.6527,65.27,High Risk
CUST00006855,0.6338,63.38,High Risk
CUST00005061,0.6225,62.25,High Risk
CUST00004469,0.6338,63.38,High Risk
CUST00008189,0.6354,63.54,High Risk
CUST00000810,0.6338,63.38,High Risk
CUST00007130,0.6477,64.77,High Risk
CUST00002960,0.6437,64.37,High Risk
CUST00002642,0.6354,63.54,High Risk
CUST00007802,0.6354,63.54,High Risk
CUST00007194,0.6354,63.54,High Risk
CUST00003859,0.6477,64.77,High Risk
CUST00001788,0.6105,61.05,High Risk
CUST00005191,0.5964,59.64,High Risk
CUST00009787,0.6477,64.77,High Risk
CUST00007198,0.6596,65.96,High Risk
CUST00003261,0.6225,62.25,High Risk
CUST00005601,0.5851,58.51,High Risk
CUST00008925,0.6477,64.77,High Risk
CUST00001043,0.6419,64.19,High Risk
CUST00005201,0.6477,64.77,High Risk
CUST00000796,0.6354,63.54,High Risk
CUST00004876,0.6354,63.54,High Risk
CUST00005884,0.6419,64.19,High Risk
CUST00001481,0.6338,63.38,High Risk
CUST00008337,0.6354,63.54,High Risk
CUST00009054,0.6354,63.54,High Risk
CUST00008047,0.6354,63.54,High Risk
CUST00004381,0.6354,63.54,High Risk
CUST00005144,0.6225,62.25,High Risk
CUST00004032,0.6354,63.54,High Risk
CUST00008231,0.6437,64.37,High Risk
CUST00003457,0.6496,64.96,High Risk
CUST00008216,0.6477,64.77,High Risk
CUST00003514,0.6354,63.54,High Risk
CUST00007848,0.6437,64.37,High Risk
CUST00009746,0.8585,85.85,Very High Risk
CUST00007086,0.6354,63.54,High Risk
CUST00005803,0.6354,63.54,High Risk
CUST00003733,0.6583,65.83,High Risk
CUST00008905,0.5913,59.13,High Risk
CUST00009911,0.6354,63.54,High Risk
CUST00000396,0.6477,64.77,High Risk
CUST00001098,0.6354,63.54,High Risk
CUST00004242,0.6437,64.37,High Risk
CUST00005961,0.6683,66.83,High Risk
CUST00001263,0.6596,65.96,High Risk
CUST00009258,0.6437,64.37,High Risk
CUST00009384,0.6477,64.77,High Risk
CUST00008641,0.6437,64.37,High Risk
CUST00000946,0.6354,63.54,High Risk
CUST00008015,0.6225,62.25,High Risk
CUST00003664,0.6496,64.96,High Risk
CUST00008982,0.6354,63.54,High Risk
CUST00005564,0.6338,63.38,High Risk
CUST00006607,0.6134,61.34,High Risk
CUST00003369,0.6596,65.96,High Risk
CUST00004660,0.6419,64.19,High Risk
CUST00008480,0.6354,63.54,High Risk
CUST00001272,0.6354,63.54,High Risk
CUST00009718,0.6354,63.54,High Risk
CUST00009824,0.6479,64.79,High Risk
CUST00004549,0.6596,65.96,High Risk
CUST00002851,0.6338,63.38,High Risk
CUST00002829,0.6419,64.19,High Risk
CUST00007420,0.6583,65.83,High Risk
CUST00004194,0.6354,63.54,High Risk
CUST00005388,0.6178,61.78,High Risk
CUST00004344,0.6354,63.54,High Risk
CUST00006948,0.6477,64.77,High Risk
CUST00002283,0.6477,64.77,High Risk
CUST00007583,0.6354,63.54,High Risk
CUST00001353,0.6338,63.38,High Risk
CUST00009271,0.6477,64.77,High Risk
CUST00000832,0.6437,64.37,High Risk
CUST00006253,0.6419,64.19,High Risk
CUST00001910,0.6477,64.77,High Risk
CUST00000619,0.6527,65.27,High Risk
CUST00008780,0.6354,63.54,High Risk
CUST00008444,0.6354,63.54,High Risk
CUST00009851,0.804,80.4,Very High Risk
CUST00004575,0.6419,64.19,High Risk
CUST00002906,0.6477,64.77,High Risk
CUST00007253,0.6354,63.54,High Risk
CUST00002049,0.6354,63.54,High Risk
CUST00001732,0.6354,63.54,High Risk
CUST00006726,0.6419,64.19,High Risk
CUST00007632,0.7423,74.23,High Risk
CUST00009495,0.6477,64.77,High Risk
CUST00000077,0.6241,62.41,High Risk
CUST00003858,0.6354,63.54,High Risk
CUST00006552,0.6354,63.54,High Risk
CUST00008907,0.6338,63.38,High Risk
CUST00006403,0.6338,63.38,High Risk
CUST00006451,0.6225,62.25,High Risk
CUST00009581,0.6354,63.54,High Risk
CUST00000806,0.6354,63.54,High Risk
CUST00006765,0.6225,62.25,High Risk
CUST00005213,0.6477,64.77,High Risk
CUST00000897,0.6477,64.77,High Risk
CUST00009173,0.6354,63.54,High Risk
CUST00009978,0.6354,63.54,High Risk
CUST00007895,0.6241,62.41,High Risk
CUST00001740,0.6354,63.54,High Risk
CUST00000777,0.6338,63.38,High Risk
CUST00006878,0.6354,63.54,High Risk
CUST00000425,0.6354,63.54,High Risk
CUST00000513,0.6354,63.54,High Risk
CUST00008975,0.6354,63.54,High Risk
CUST00004074,0.6354,63.54,High Risk
CUST00009168,0.6477,64.77,High Risk
CUST00003793,0.6338,63.38,High Risk
CUST00005967,0.6477,64.77,High Risk
CUST00003476,0.6225,62.25,High Risk
CUST00006962,0.5587,55.87,High Risk
CUST00002809,0.5964,59.64,High Risk
CUST00007405,0.6354,63.54,High Risk
CUST00005715,0.6419,64.19,High Risk
CUST00007422,0.5964,59.64,High Risk
CUST00007558,0.6354,63.54,High Risk
CUST00005222,0.6461,64.61,High Risk
CUST00001414,0.6354,63.54,High Risk
CUST00000045,0.609,60.9,High Risk
CUST00003940,0.6354,63.54,High Risk
CUST00004647,0.6477,64.77,High Risk
CUST00003208,0.6354,63.54,High Risk
CUST00007611,0.6354,63.54,High Risk
CUST00006611,0.6225,62.25,High Risk
CUST00006191,0.5943,59.43,High Risk
CUST00005834,0.6354,63.54,High Risk
CUST00000561,0.9173,91.73,Very High Risk
CUST00007479,0.6479,64.79,High Risk
CUST00007942,0.6338,63.38,High Risk
CUST00000059,0.6477,64.77,High Risk
CUST00002064,0.6354,63.54,High Risk
CUST00009280,0.6419,64.19,High Risk
CUST00009578,0.6437,64.37,High Risk
CUST00003823,0.6477,64.77,High Risk
CUST00004230,0.6437,64.37,High Risk
CUST00004650,0.6071,60.71,High Risk
CUST00004883,0.6225,62.25,High Risk
CUST00002857,0.6354,63.54,High Risk
CUST00002033,0.6437,64.37,High Risk
CUST00004584,0.6354,63.54,High Risk
CUST00001275,0.6354,63.54,High Risk
CUST00000816,0.9796,97.96,Very High Risk
CUST00004275,0.6477,64.77,High Risk
CUST00009699,0.6354,63.54,High Risk
CUST00006043,0.6241,62.41,High Risk
CUST00007462,0.6071,60.71,High Risk
CUST00002666,0.6354,63.54,High Risk
CUST00009242,0.6354,63.54,High Risk
CUST00006779,0.6437,64.37,High Risk
CUST00003806,0.6437,64.37,High Risk
CUST00003769,0.6583,65.83,High Risk
CUST00009971,0.6354,63.54,High Risk
CUST00007118,0.6225,62.25,High Risk
CUST00003244,0.6477,64.77,High Risk
CUST00003661,0.6214,62.14,High Risk
CUST00006297,0.6354,63.54,High Risk
CUST00002624,0.6477,64.77,High Risk
CUST00000106,0.6437,64.37,High Risk
CUST00008303,0.6477,64.77,High Risk
CUST00000592,0.6861,68.61,High Risk
CUST00009224,0.6134,61.34,High Risk
CUST00009803,0.6354,63.54,High Risk
CUST00007476,0.6354,63.54,High Risk
CUST00005379,0.6585,65.85,High Risk
CUST00001301,0.6437,64.37,High Risk
CUST00005294,0.6496,64.96,High Risk
CUST00001842,0.6477,64.77,High Risk
CUST00002915,0.6477,64.77,High Risk
CUST00006706,0.6437,64.37,High Risk
CUST00006122,0.6354,63.54,High Risk
CUST00002400,0.6477,64.77,High Risk
CUST00003147,0.6354,63.54,High Risk
CUST00008830,0.6419,64.19,High Risk
CUST00004982,0.6354,63.54,High Risk
CUST00009954,0.6354,63.54,High Risk
CUST00005325,0.6354,63.54,High Risk
CUST00005223,0.6354,63.54,High Risk
CUST00008225,0.6477,64.77,High Risk
CUST00002407,0.6071,60.71,High Risk
CUST00001753,0.6354,63.54,High Risk
CUST00003775,0.6477,64.77,High Risk
CUST00003423,0.6354,63.54,High Risk
CUST00004081,0.6354,63.54,High Risk
CUST00001067,0.6783,67.83,High Risk
CUST00009358,0.6241,62.41,High Risk
CUST00000193,0.6225,62.25,High Risk
CUST00007711,0.6354,63.54,High Risk
CUST00001872,0.619,61.9,High Risk
CUST00002239,0.6419,64.19,High Risk
CUST00006264,0.6354,63.54,High Risk
CUST00007143,0.6477,64.77,High Risk
CUST00008672,0.6354,63.54,High Risk
CUST00003067,0.6071,60.71,High Risk
CUST00004594,0.6461,64.61,High Risk
CUST00005761,0.6477,64.77,High Risk
CUST00004235,0.603,60.3,High Risk
CUST00006103,0.6479,64.79,High Risk
CUST00008027,0.6225,62.25,High Risk
CUST00004860,0.6338,63.38,High Risk
CUST00000202,0.6437,64.37,High Risk
CUST00000078,0.6354,63.54,High Risk
CUST00008143,0.6354,63.54,High Risk
CUST00000723,0.6338,63.38,High Risk
CUST00004144,0.6241,62.41,High Risk
CUST00007296,0.6354,63.54,High Risk
CUST00003692,0.6567,65.67,High Risk
CUST00005526,0.6439,64.39,High Risk
CUST00000772,0.6477,64.77,High Risk
CUST00000552,0.5994,59.94,High Risk
CUST00005461,0.6354,63.54,High Risk
CUST00001751,0.6338,63.38,High Risk
CUST00008670,0.6437,64.37,High Risk
CUST00005964,0.6354,63.54,High Risk
CUST00006825,0.6419,64.19,High Risk
CUST00009076,0.6354,63.54,High Risk
CUST00004687,0.6477,64.77,High Risk
CUST00001411,0.6477,64.77,High Risk
CUST00004375,0.6338,63.38,High Risk
CUST00002665,0.6354,63.54,High Risk
CUST00003308,0.6354,63.54,High Risk
CUST00007820,0.6373,63.73,High Risk
CUST00006080,0.311,31.1,Medium Risk
CUST00007192,0.6354,63.54,High Risk
CUST00001265,0.6214,62.14,High Risk
CUST00009405,0.6527,65.27,High Risk
CUST00006527,0.6354,63.54,High Risk
CUST00007482,0.6354,63.54,High Risk
CUST00008659,0.6354,63.54,High Risk
CUST00000812,0.6477,64.77,High Risk
CUST00001486,0.6883,68.83,High Risk
CUST00007787,0.6354,63.54,High Risk
CUST00005740,0.6354,63.54,High Risk
CUST00003970,0.6437,64.37,High Risk
CUST00009607,0.6354,63.54,High Risk
CUST00004416,0.6225,62.25,High Risk
